clip,airport,cv_fold,reference_words,cv_by_recording_beam,leave_one_airport_out_beam,unmodified_whisper_small_beam
LKPR_RUZYNE_Radar_120_520MHz_20201025_091112_0000,LKPR,3,10,1,2,9
LKPR_RUZYNE_Radar_120_520MHz_20201025_091112_0001,LKPR,3,8,2,3,12
LKPR_RUZYNE_Radar_120_520MHz_20201025_120512_0000,LKPR,3,27,1,3,12
LKPR_RUZYNE_Radar_120_520MHz_20201025_121325_0000,LKPR,2,11,2,1,2
LKPR_RUZYNE_Radar_120_520MHz_20201025_121325_0001,LKPR,2,5,4,3,5
LKPR_RUZYNE_Radar_120_520MHz_20201025_130407_0000,LKPR,4,8,0,3,6
LKPR_RUZYNE_Radar_120_520MHz_20201025_130407_0001,LKPR,4,8,8,10,14
LKPR_RUZYNE_Radar_120_520MHz_20201025_140929_0000,LKPR,3,18,2,5,8
LKPR_RUZYNE_Radar_120_520MHz_20201025_140929_0001,LKPR,3,16,2,2,6
LKPR_RUZYNE_Radar_120_520MHz_20201025_161808_0000,LKPR,2,21,4,5,9
LKPR_RUZYNE_Radar_120_520MHz_20201025_161808_0001,LKPR,2,17,3,4,5
LKPR_RUZYNE_Radar_120_520MHz_20201025_161808_0002,LKPR,2,3,2,2,3
LKPR_RUZYNE_Radar_120_520MHz_20201025_174652_0000,LKPR,1,14,4,3,13
LKPR_RUZYNE_Radar_120_520MHz_20201025_174652_0001,LKPR,1,9,0,1,4
LKPR_RUZYNE_Radar_120_520MHz_20201025_174652_0002,LKPR,1,7,0,0,3
LKPR_RUZYNE_Radar_120_520MHz_20201025_174652_0003,LKPR,1,10,1,1,6
LKPR_RUZYNE_Radar_120_520MHz_20201025_213836_0000,LKPR,3,31,6,4,13
LKPR_RUZYNE_Radar_120_520MHz_20201026_105217_0000,LKPR,2,13,3,3,4
LKPR_RUZYNE_Radar_120_520MHz_20201026_105217_0001,LKPR,2,7,3,2,2
LKPR_RUZYNE_Radar_120_520MHz_20201026_105855_0000,LKPR,2,13,4,8,4
LKPR_RUZYNE_Radar_120_520MHz_20201026_105855_0001,LKPR,2,10,4,5,4
LKPR_RUZYNE_Radar_120_520MHz_20201026_114352_0000,LKPR,1,11,0,0,5
LKPR_RUZYNE_Radar_120_520MHz_20201026_114352_0001,LKPR,1,9,0,0,5
LKPR_RUZYNE_Radar_120_520MHz_20201026_130708_0000,LKPR,3,15,2,3,9
LKPR_RUZYNE_Radar_120_520MHz_20201026_130708_0001,LKPR,3,6,6,5,6
LKPR_RUZYNE_Radar_120_520MHz_20201026_142311_0000,LKPR,2,11,4,3,8
LKPR_RUZYNE_Radar_120_520MHz_20201026_142311_0001,LKPR,2,8,5,5,8
LKPR_RUZYNE_Radar_120_520MHz_20201026_144339_0000,LKPR,2,18,9,9,23
LKPR_RUZYNE_Radar_120_520MHz_20201026_144339_0001,LKPR,2,19,7,8,8
LKPR_RUZYNE_Radar_120_520MHz_20201026_144339_0002,LKPR,2,13,8,8,4
LKPR_RUZYNE_Radar_120_520MHz_20201026_145941_0000,LKPR,4,9,4,4,7
LKPR_RUZYNE_Radar_120_520MHz_20201026_145941_0001,LKPR,4,20,1,1,6
LKPR_RUZYNE_Radar_120_520MHz_20201026_145941_0002,LKPR,4,3,0,3,1
LKPR_RUZYNE_Radar_120_520MHz_20201026_161349_0000,LKPR,0,6,2,2,7
LKPR_RUZYNE_Radar_120_520MHz_20201026_161349_0001,LKPR,0,15,2,3,12
LKPR_RUZYNE_Radar_120_520MHz_20201026_161349_0003,LKPR,0,13,4,5,8
LKPR_RUZYNE_Radar_120_520MHz_20201026_204323_0000,LKPR,1,5,1,1,6
LKPR_RUZYNE_Radar_120_520MHz_20201026_204323_0001,LKPR,1,14,1,1,0
LKPR_RUZYNE_Radar_120_520MHz_20201026_204323_0002,LKPR,1,6,5,5,6
LKPR_RUZYNE_Radar_120_520MHz_20201026_205056_0000,LKPR,0,25,4,7,10
LKPR_RUZYNE_Radar_120_520MHz_20201027_121714_0000,LKPR,3,26,4,7,14
LKPR_RUZYNE_Radar_120_520MHz_20201027_125731_0000,LKPR,0,8,1,1,2
LKPR_RUZYNE_Radar_120_520MHz_20201027_125731_0001,LKPR,0,5,3,3,5
LKPR_RUZYNE_Radar_120_520MHz_20201027_125731_0002,LKPR,0,7,7,7,7
LKPR_RUZYNE_Radar_120_520MHz_20201027_125731_0003,LKPR,0,5,5,5,5
LKPR_RUZYNE_Radar_120_520MHz_20201028_072404_0000,LKPR,3,8,1,1,11
LKPR_RUZYNE_Radar_120_520MHz_20201028_072404_0001,LKPR,3,7,3,3,4
LKPR_RUZYNE_Radar_120_520MHz_20201028_092412_0000,LKPR,0,16,3,3,7
LKPR_RUZYNE_Radar_120_520MHz_20201028_092412_0001,LKPR,0,14,2,4,7
LKPR_RUZYNE_Radar_120_520MHz_20201028_095055_0000,LKPR,0,16,3,6,16
LKPR_RUZYNE_Radar_120_520MHz_20201028_095055_0001,LKPR,0,10,3,3,10
LKPR_RUZYNE_Radar_120_520MHz_20201028_131433_0000,LKPR,1,26,6,5,16
LKPR_RUZYNE_Radar_120_520MHz_20201028_131433_0001,LKPR,1,12,0,7,9
LKPR_RUZYNE_Radar_120_520MHz_20201028_131433_0002,LKPR,1,14,0,2,3
LKPR_RUZYNE_Radar_120_520MHz_20201028_131433_0003,LKPR,1,9,0,1,0
LKPR_RUZYNE_Radar_120_520MHz_20201028_151125_0000,LKPR,2,12,2,4,3
LKPR_RUZYNE_Radar_120_520MHz_20201028_151125_0001,LKPR,2,11,5,6,13
LKPR_RUZYNE_Radar_120_520MHz_20201029_051226_0000,LKPR,2,5,1,1,2
LKPR_RUZYNE_Radar_120_520MHz_20201029_051226_0001,LKPR,2,3,2,2,2
LKPR_RUZYNE_Radar_120_520MHz_20201029_051226_0002,LKPR,2,11,2,2,4
LKPR_RUZYNE_Radar_120_520MHz_20201029_051226_0003,LKPR,2,13,4,4,7
LKPR_RUZYNE_Radar_120_520MHz_20201029_075414_0000,LKPR,2,19,3,3,5
LKPR_RUZYNE_Radar_120_520MHz_20201029_075414_0001,LKPR,2,11,4,5,11
LKPR_RUZYNE_Radar_120_520MHz_20201029_094626_0000,LKPR,0,16,1,1,12
LKPR_RUZYNE_Radar_120_520MHz_20201029_094626_0001,LKPR,0,11,2,3,3
LKPR_RUZYNE_Radar_120_520MHz_20201029_151332_0000,LKPR,0,23,3,8,12
LKPR_RUZYNE_Radar_120_520MHz_20201029_161709_0000,LKPR,3,21,11,9,18
LKPR_RUZYNE_Radar_120_520MHz_20201029_161709_0001,LKPR,3,16,8,7,9
LKPR_RUZYNE_Radar_120_520MHz_20201029_205125_0000,LKPR,2,14,3,7,19
LKPR_RUZYNE_Radar_120_520MHz_20201029_205125_0001,LKPR,2,8,7,7,9
LKPR_RUZYNE_Tower_134_560MHz_20201025_090915_0000,LKPR,2,7,7,6,5
LKPR_RUZYNE_Tower_134_560MHz_20201025_090915_0001,LKPR,2,10,1,3,8
LKPR_RUZYNE_Tower_134_560MHz_20201025_101021_0000,LKPR,3,17,8,7,14
LKPR_RUZYNE_Tower_134_560MHz_20201025_101021_0001,LKPR,3,10,4,4,10
LKPR_RUZYNE_Tower_134_560MHz_20201025_101021_0002,LKPR,3,12,3,6,5
LKPR_RUZYNE_Tower_134_560MHz_20201025_144043_0000,LKPR,3,8,2,2,4
LKPR_RUZYNE_Tower_134_560MHz_20201025_144043_0001,LKPR,3,10,2,2,9
LKPR_RUZYNE_Tower_134_560MHz_20201025_144043_0002,LKPR,3,16,4,6,4
LKPR_RUZYNE_Tower_134_560MHz_20201025_144043_0003,LKPR,3,13,2,2,0
LKPR_RUZYNE_Tower_134_560MHz_20201025_144043_0004,LKPR,3,4,2,2,0
LKPR_RUZYNE_Tower_134_560MHz_20201025_204809_0000,LKPR,0,16,4,8,16
LKPR_RUZYNE_Tower_134_560MHz_20201025_204809_0001,LKPR,0,17,6,8,16
LKPR_RUZYNE_Tower_134_560MHz_20201025_204809_0002,LKPR,0,10,4,3,9
LKPR_RUZYNE_Tower_134_560MHz_20201026_091524_0000,LKPR,0,21,4,5,18
LKPR_RUZYNE_Tower_134_560MHz_20201026_091524_0001,LKPR,0,11,3,4,12
LKPR_RUZYNE_Tower_134_560MHz_20201026_091524_0002,LKPR,0,7,5,6,7
LKPR_RUZYNE_Tower_134_560MHz_20201026_143955_0000,LKPR,2,19,3,4,7
LKPR_RUZYNE_Tower_134_560MHz_20201026_153217_0001,LKPR,3,12,0,0,9
LKPR_RUZYNE_Tower_134_560MHz_20201026_153217_0002,LKPR,3,12,5,5,9
LKPR_RUZYNE_Tower_134_560MHz_20201026_160035_0000,LKPR,0,17,2,2,5
LKPR_RUZYNE_Tower_134_560MHz_20201027_135214_0000,LKPR,0,15,4,3,6
LKPR_RUZYNE_Tower_134_560MHz_20201027_135224_0000,LKPR,2,8,2,3,4
LKPR_RUZYNE_Tower_134_560MHz_20201027_135224_0001,LKPR,2,7,4,5,9
LKPR_RUZYNE_Tower_134_560MHz_20201027_213741_0000,LKPR,1,35,4,6,16
LKPR_RUZYNE_Tower_134_560MHz_20201028_103443_0000,LKPR,2,16,3,2,11
LKPR_RUZYNE_Tower_134_560MHz_20201028_103443_0001,LKPR,2,11,0,1,3
LKPR_RUZYNE_Tower_134_560MHz_20201028_111034_0000,LKPR,1,17,1,1,5
LKPR_RUZYNE_Tower_134_560MHz_20201028_111034_0001,LKPR,1,17,6,4,11
LKPR_RUZYNE_Tower_134_560MHz_20201028_152306_0000,LKPR,2,15,5,4,16
LKPR_RUZYNE_Tower_134_560MHz_20201028_152306_0001,LKPR,2,23,4,5,11
LKPR_RUZYNE_Tower_134_560MHz_20201028_152306_0002,LKPR,2,11,4,5,8
LKPR_RUZYNE_Tower_134_560MHz_20201029_205008_0000,LKPR,3,11,2,5,3
LKPR_RUZYNE_Tower_134_560MHz_20201029_205008_0001,LKPR,3,22,1,4,12
LKPR_RUZYNE_Tower_134_560MHz_20201029_205008_0002,LKPR,3,10,1,1,1
LKTB_BRNO_Approach-Radar_127_350MHz_20201026_092727_0000,LKTB,1,11,2,3,6
LKTB_BRNO_Approach-Radar_127_350MHz_20201026_093600_0000,LKTB,2,16,0,0,8
LKTB_BRNO_Approach-Radar_127_350MHz_20201026_111634_0000,LKTB,2,13,0,2,6
LKTB_BRNO_Approach-Radar_127_350MHz_20201027_095221_0000,LKTB,1,20,1,1,9
LKTB_BRNO_Approach-Radar_127_350MHz_20201027_114659_0000,LKTB,3,11,1,1,3
LKTB_BRNO_Approach-Radar_127_350MHz_20201027_140348_0000,LKTB,2,21,4,5,6
LKTB_BRNO_Approach-Radar_127_350MHz_20201028_090451_0000,LKTB,2,15,1,1,7
LKTB_BRNO_Approach-Radar_127_350MHz_20201028_090451_0001,LKTB,2,13,12,11,11
LKTB_BRNO_Approach-Radar_127_350MHz_20201028_132938_0000,LKTB,2,4,0,0,8
LKTB_BRNO_Approach-Radar_127_350MHz_20201028_132938_0001,LKTB,2,16,1,1,5
LKTB_BRNO_Approach-Radar_127_350MHz_20201028_135638_0000,LKTB,4,15,0,0,10
LKTB_BRNO_Approach-Radar_127_350MHz_20201028_135718_0000,LKTB,0,11,0,0,4
LKTB_BRNO_Approach-Radar_127_350MHz_20201028_135718_0001,LKTB,0,10,4,4,5
LKTB_BRNO_Approach-Radar_127_350MHz_20201029_101954_0000,LKTB,0,17,2,2,6
LKTB_BRNO_Approach-Radar_127_350MHz_20201029_113918_0000,LKTB,3,8,1,2,13
LKTB_BRNO_Approach-Radar_127_350MHz_20201029_113918_0001,LKTB,3,20,3,3,2
LKTB_BRNO_Ground_125_430MHz_20201028_171509_0000,LKTB,2,15,9,5,8
LKTB_BRNO_Tower_119_605MHz_20201027_000841_0000,LKTB,3,15,3,2,7
LKTB_BRNO_Tower_119_605MHz_20201027_112131_0000,LKTB,2,30,0,2,10
LKTB_BRNO_Tower_119_605MHz_20201027_122331_0000,LKTB,1,17,9,7,4
LKTB_BRNO_Tower_119_605MHz_20201028_140518_0000,LKTB,4,16,4,5,6
LKTB_BRNO_Tower_119_605MHz_20201028_185619_0000,LKTB,2,15,0,0,7
LKTB_BRNO_Tower_119_605MHz_20201029_060626_0000,LKTB,3,15,10,8,18
LKTB_BRNO_Tower_119_605MHz_20201029_060626_0001,LKTB,3,18,5,4,8
LKTB_BRNO_Tower_119_605MHz_20201029_073731_0000,LKTB,2,10,1,3,10
LKTB_BRNO_Tower_119_605MHz_20201029_073731_0001,LKTB,2,10,6,6,11
LKTB_BRNO_Tower_119_605MHz_20201029_102129_0000,LKTB,3,18,3,4,13
LKTB_BRNO_Tower_119_605MHz_20201029_102129_0001,LKTB,3,15,9,6,12
LKTB_BRNO_Tower_119_605MHz_20201029_110511_0000,LKTB,0,7,7,7,12
LKTB_BRNO_Tower_119_605MHz_20201029_110511_0001,LKTB,0,11,2,2,10
LKTB_BRNO_Tower_119_605MHz_20201029_110511_0002,LKTB,0,8,6,4,11
LKTB_BRNO_Tower_119_605MHz_20201029_180205_0000,LKTB,2,11,1,1,5
LSGS_SION_Ground_Control_121_7MHz_20210419_153441_0000,LSGS,3,8,1,1,3
LSGS_SION_Ground_Control_121_7MHz_20210420_142949_0000,LSGS,1,9,4,3,9
LSGS_SION_Ground_Control_121_7MHz_20210420_151758_0000,LSGS,2,9,0,0,3
LSGS_SION_Ground_Control_121_7MHz_20210421_083320_0000,LSGS,1,6,3,3,8
LSGS_SION_Ground_Control_121_7MHz_20210421_083624_0000,LSGS,3,10,0,0,3
LSGS_SION_Ground_Control_121_7MHz_20210421_143604_0000,LSGS,1,6,0,0,4
LSGS_SION_Ground_Control_121_7MHz_20210421_143604_0001,LSGS,1,3,0,7,3
LSGS_SION_Ground_Control_121_7MHz_20210422_061925_0000,LSGS,0,7,2,1,4
LSGS_SION_Ground_Control_121_7MHz_20210422_083102_0000,LSGS,1,9,2,4,5
LSGS_SION_Ground_Control_121_7MHz_20210422_083102_0001,LSGS,1,9,0,2,1
LSGS_SION_Ground_Control_121_7MHz_20210422_155828_0000,LSGS,0,15,5,6,10
LSGS_SION_Ground_Control_121_7MHz_20210422_155828_0001,LSGS,0,12,2,3,15
LSGS_SION_Ground_Control_121_7MHz_20210423_101040_0000,LSGS,3,6,2,2,3
LSGS_SION_Ground_Control_121_7MHz_20210423_142801_0000,LSGS,2,10,1,0,9
LSGS_SION_Ground_Control_121_7MHz_20210423_142801_0001,LSGS,2,6,1,1,1
LSGS_SION_Ground_Control_121_7MHz_20210423_160618_0000,LSGS,2,6,2,4,7
LSGS_SION_Ground_Control_121_7MHz_20210423_170457_0000,LSGS,2,11,1,1,7
LSGS_SION_Ground_Control_121_7MHz_20210501_060848_0000,LSGS,2,13,2,4,10
LSGS_SION_Ground_Control_121_7MHz_20210501_060848_0001,LSGS,2,7,0,1,4
LSGS_SION_Ground_Control_121_7MHz_20210501_060848_0002,LSGS,2,2,0,2,10
LSGS_SION_Ground_Control_121_7MHz_20210501_065354_0000,LSGS,4,14,2,3,8
LSGS_SION_Ground_Control_121_7MHz_20210501_072244_0000,LSGS,2,12,4,4,17
LSGS_SION_Ground_Control_121_7MHz_20210501_073043_0000,LSGS,4,6,0,0,2
LSGS_SION_Ground_Control_121_7MHz_20210501_073043_0001,LSGS,4,6,0,2,4
LSGS_SION_Ground_Control_121_7MHz_20210501_073256_0000,LSGS,1,13,0,0,7
LSGS_SION_Ground_Control_121_7MHz_20210501_073256_0001,LSGS,1,7,3,2,9
LSGS_SION_Ground_Control_121_7MHz_20210501_073256_0002,LSGS,1,4,4,4,4
LSGS_SION_Ground_Control_121_7MHz_20210502_051736_0000,LSGS,2,11,3,3,3
LSGS_SION_Ground_Control_121_7MHz_20210502_052351_0000,LSGS,3,13,3,3,7
LSGS_SION_Ground_Control_121_7MHz_20210502_060221_0000,LSGS,1,4,4,2,4
LSGS_SION_Ground_Control_121_7MHz_20210502_060221_0001,LSGS,1,6,0,3,4
LSGS_SION_Ground_Control_121_7MHz_20210502_060505_0000,LSGS,2,18,2,5,7
LSGS_SION_Ground_Control_121_7MHz_20210502_060505_0001,LSGS,2,10,3,8,12
LSGS_SION_Ground_Control_121_7MHz_20210502_060824_0000,LSGS,1,11,0,5,8
LSGS_SION_Ground_Control_121_7MHz_20210502_060829_0000,LSGS,4,8,0,1,4
LSGS_SION_Ground_Control_121_7MHz_20210502_060829_0001,LSGS,4,8,0,1,5
LSGS_SION_Ground_Control_121_7MHz_20210502_061429_0000,LSGS,0,11,0,6,9
LSGS_SION_Ground_Control_121_7MHz_20210502_061433_0000,LSGS,3,8,1,2,5
LSGS_SION_Ground_Control_121_7MHz_20210502_061433_0001,LSGS,3,8,2,3,5
LSGS_SION_Ground_Control_121_7MHz_20210502_061623_0000,LSGS,1,11,0,5,7
LSGS_SION_Ground_Control_121_7MHz_20210502_062014_0000,LSGS,4,11,1,6,8
LSGS_SION_Ground_Control_121_7MHz_20210502_062018_0000,LSGS,0,8,0,0,8
LSGS_SION_Ground_Control_121_7MHz_20210502_062018_0001,LSGS,0,8,0,4,7
LSGS_SION_Ground_Control_121_7MHz_20210502_062238_0000,LSGS,2,11,0,4,8
LSGS_SION_Ground_Control_121_7MHz_20210502_062628_0000,LSGS,0,8,0,0,4
LSGS_SION_Ground_Control_121_7MHz_20210502_062628_0001,LSGS,0,8,0,7,9
LSGS_SION_Ground_Control_121_7MHz_20210502_063447_0000,LSGS,1,18,1,6,5
LSGS_SION_Ground_Control_121_7MHz_20210502_063447_0001,LSGS,1,12,2,8,12
LSGS_SION_Ground_Control_121_7MHz_20210502_064029_0000,LSGS,1,11,0,3,7
LSGS_SION_Ground_Control_121_7MHz_20210502_065138_0000,LSGS,1,12,2,2,5
LSGS_SION_Ground_Control_121_7MHz_20210502_065138_0001,LSGS,1,8,3,3,7
LSGS_SION_Ground_Control_121_7MHz_20210502_065138_0002,LSGS,1,8,2,2,2
LSGS_SION_Ground_Control_121_7MHz_20210502_065407_0000,LSGS,1,8,0,0,0
LSGS_SION_Ground_Control_121_7MHz_20210502_065520_0000,LSGS,4,22,1,2,6
LSGS_SION_Ground_Control_121_7MHz_20210502_065622_0000,LSGS,2,10,1,3,5
LSGS_SION_Ground_Control_121_7MHz_20210502_065626_0000,LSGS,3,7,1,3,4
LSGS_SION_Ground_Control_121_7MHz_20210502_065626_0001,LSGS,3,8,0,0,11
LSGS_SION_Ground_Control_121_7MHz_20210502_065812_0000,LSGS,0,19,0,2,4
LSGS_SION_Ground_Control_121_7MHz_20210502_065831_0000,LSGS,1,18,0,2,7
LSGS_SION_Ground_Control_121_7MHz_20210502_065831_0001,LSGS,1,10,1,7,8
LSGS_SION_Ground_Control_121_7MHz_20210502_065945_0000,LSGS,2,8,1,1,3
LSGS_SION_Ground_Control_121_7MHz_20210502_070235_0000,LSGS,2,11,2,3,7
LSGS_SION_Ground_Control_121_7MHz_20210502_070235_0001,LSGS,2,8,2,2,12
LSGS_SION_Ground_Control_121_7MHz_20210502_071049_0000,LSGS,3,14,3,3,6
LSGS_SION_Ground_Control_121_7MHz_20210502_071809_0000,LSGS,4,8,1,1,3
LSGS_SION_Ground_Control_121_7MHz_20210502_071809_0001,LSGS,4,8,1,1,6
LSGS_SION_Ground_Control_121_7MHz_20210502_073058_0000,LSGS,4,18,0,2,2
LSGS_SION_Ground_Control_121_7MHz_20210502_092024_0000,LSGS,3,6,1,2,4
LSGS_SION_Ground_Control_121_7MHz_20210502_114312_0000,LSGS,3,15,1,1,3
LSGS_SION_Ground_Control_121_7MHz_20210502_121507_0000,LSGS,4,16,2,2,10
LSGS_SION_Ground_Control_121_7MHz_20210502_121507_0001,LSGS,4,17,3,4,10
LSGS_SION_Ground_Control_121_7MHz_20210502_122439_0000,LSGS,4,19,0,1,8
LSGS_SION_Ground_Control_121_7MHz_20210502_122439_0001,LSGS,4,11,1,7,8
LSGS_SION_Ground_Control_121_7MHz_20210502_123002_0000,LSGS,3,11,0,6,13
LSGS_SION_Ground_Control_121_7MHz_20210502_123002_0001,LSGS,3,9,5,5,9
LSGS_SION_Ground_Control_121_7MHz_20210502_134316_0000,LSGS,4,6,4,4,10
LSGS_SION_Ground_Control_121_7MHz_20210502_134810_0000,LSGS,2,2,0,0,2
LSGS_SION_Ground_Control_121_7MHz_20210502_134810_0001,LSGS,2,14,0,0,2
LSGS_SION_Ground_Control_121_7MHz_20210502_134810_0002,LSGS,2,6,1,1,7
LSGS_SION_Ground_Control_121_7MHz_20210502_145713_0000,LSGS,2,7,6,6,8
LSGS_SION_Ground_Control_121_7MHz_20210502_145713_0001,LSGS,2,17,1,1,5
LSGS_SION_Ground_Control_121_7MHz_20210502_145713_0002,LSGS,2,9,1,4,14
LSGS_SION_Ground_Control_121_7MHz_20210502_152026_0000,LSGS,0,22,3,3,11
LSGS_SION_Ground_Control_121_7MHz_20210502_152026_0001,LSGS,0,11,4,2,5
LSGS_SION_Ground_Control_121_7MHz_20210502_163416_0000,LSGS,4,8,0,0,12
LSGS_SION_Ground_Control_121_7MHz_20210502_163416_0001,LSGS,4,7,1,2,9
LSGS_SION_Ground_Control_121_7MHz_20210502_164016_0000,LSGS,4,15,6,6,10
LSGS_SION_Ground_Control_121_7MHz_20210502_164140_0000,LSGS,3,13,1,1,4
LSGS_SION_Ground_Control_121_7MHz_20210502_164140_0001,LSGS,3,9,3,6,9
LSGS_SION_Ground_Control_121_7MHz_20210502_164218_0000,LSGS,2,4,0,2,6
LSGS_SION_Ground_Control_121_7MHz_20210502_164218_0001,LSGS,2,19,4,5,5
LSGS_SION_Ground_Control_121_7MHz_20210502_164237_0000,LSGS,0,31,6,7,9
LSGS_SION_Ground_Control_121_7MHz_20210502_164322_0000,LSGS,4,8,0,0,0
LSGS_SION_Ground_Control_121_7MHz_20210502_164322_0001,LSGS,4,7,0,5,7
LSGS_SION_Ground_Control_121_7MHz_20210503_051653_0000,LSGS,1,14,9,10,23
LSGS_SION_Ground_Control_121_7MHz_20210503_062127_0000,LSGS,4,7,3,6,6
LSGS_SION_Ground_Control_121_7MHz_20210503_062134_0000,LSGS,1,11,4,4,4
LSGS_SION_Ground_Control_121_7MHz_20210503_071945_0000,LSGS,3,20,1,4,4
LSGS_SION_Ground_Control_121_7MHz_20210503_071945_0001,LSGS,3,13,3,3,9
LSGS_SION_Ground_Control_121_7MHz_20210503_080828_0000,LSGS,4,10,4,4,4
LSGS_SION_Ground_Control_121_7MHz_20210503_081644_0000,LSGS,0,6,2,2,3
LSGS_SION_Ground_Control_121_7MHz_20210503_081913_0000,LSGS,0,8,1,2,1
LSGS_SION_Ground_Control_121_7MHz_20210503_082408_0000,LSGS,3,16,1,1,8
LSGS_SION_Ground_Control_121_7MHz_20210503_082408_0001,LSGS,3,7,1,0,10
LSGS_SION_Ground_Control_121_7MHz_20210503_082722_0000,LSGS,4,7,0,0,2
LSGS_SION_Ground_Control_121_7MHz_20210503_083741_0000,LSGS,3,21,0,4,8
LSGS_SION_Ground_Control_121_7MHz_20210503_083922_0000,LSGS,1,8,0,2,3
LSGS_SION_Ground_Control_121_7MHz_20210503_084629_0000,LSGS,4,11,0,0,2
LSGS_SION_Ground_Control_121_7MHz_20210503_125509_0000,LSGS,1,18,0,0,7
LSGS_SION_Ground_Control_121_7MHz_20210503_130604_0000,LSGS,0,8,5,5,10
LSGS_SION_Ground_Control_121_7MHz_20210503_130604_0001,LSGS,0,6,0,2,3
LSGS_SION_Ground_Control_121_7MHz_20210503_140302_0000,LSGS,1,9,9,7,21
LSGS_SION_Ground_Control_121_7MHz_20210503_140302_0001,LSGS,1,9,1,0,10
LSGS_SION_Ground_Control_121_7MHz_20210503_141714_0000,LSGS,0,8,0,0,0
LSGS_SION_Ground_Control_121_7MHz_20210503_141714_0001,LSGS,0,5,1,1,0
LSGS_SION_Ground_Control_121_7MHz_20210503_141714_0002,LSGS,0,6,0,0,4
LSGS_SION_Ground_Control_121_7MHz_20210503_142013_0000,LSGS,3,5,2,1,6
LSGS_SION_Ground_Control_121_7MHz_20210503_142013_0001,LSGS,3,2,5,7,4
LSGS_SION_Ground_Control_121_7MHz_20210503_142013_0002,LSGS,3,24,4,4,5
LSGS_SION_Ground_Control_121_7MHz_20210503_142105_0000,LSGS,1,19,0,0,6
LSGS_SION_Ground_Control_121_7MHz_20210503_142210_0000,LSGS,2,7,0,4,4
LSGS_SION_Ground_Control_121_7MHz_20210503_143209_0000,LSGS,3,13,3,3,8
LSGS_SION_Ground_Control_121_7MHz_20210503_143209_0001,LSGS,3,10,3,6,6
LSGS_SION_Ground_Control_121_7MHz_20210503_143715_0000,LSGS,1,23,2,3,3
LSGS_SION_Ground_Control_121_7MHz_20210503_143715_0001,LSGS,1,4,2,7,5
LSGS_SION_Ground_Control_121_7MHz_20210503_144924_0000,LSGS,1,29,5,10,21
LSGS_SION_Ground_Control_121_7MHz_20210503_145500_0000,LSGS,0,17,0,4,4
LSGS_SION_Ground_Control_121_7MHz_20210503_145500_0001,LSGS,0,16,4,4,8
LSGS_SION_Ground_Control_121_7MHz_20210503_145810_0000,LSGS,3,13,6,5,13
LSGS_SION_Ground_Control_121_7MHz_20210503_145810_0001,LSGS,3,5,0,0,2
LSGS_SION_Ground_Control_121_7MHz_20210503_150135_0000,LSGS,1,7,0,3,1
LSGS_SION_Ground_Control_121_7MHz_20210503_150135_0001,LSGS,1,10,0,1,2
LSGS_SION_Ground_Control_121_7MHz_20210503_150135_0002,LSGS,1,7,0,4,9
LSGS_SION_Ground_Control_121_7MHz_20210503_150135_0003,LSGS,1,15,1,3,12
LSGS_SION_Ground_Control_121_7MHz_20210503_150149_0000,LSGS,4,19,3,5,11
LSGS_SION_Ground_Control_121_7MHz_20210503_150149_0001,LSGS,4,10,2,6,16
LSGS_SION_Ground_Control_121_7MHz_20210503_151058_0000,LSGS,2,8,4,4,7
LSGS_SION_Ground_Control_121_7MHz_20210503_151517_0000,LSGS,4,11,12,18,23
LSGS_SION_Ground_Control_121_7MHz_20210503_151517_0001,LSGS,4,13,1,2,7
LSGS_SION_Ground_Control_121_7MHz_20210503_151530_0000,LSGS,1,10,6,6,7
LSGS_SION_Ground_Control_121_7MHz_20210503_151530_0001,LSGS,1,17,0,0,5
LSGS_SION_Ground_Control_121_7MHz_20210503_151822_0000,LSGS,1,6,0,0,2
LSGS_SION_Ground_Control_121_7MHz_20210503_151822_0001,LSGS,1,8,3,5,9
LSGS_SION_Ground_Control_121_7MHz_20210503_151822_0002,LSGS,1,20,0,1,5
LSGS_SION_Ground_Control_121_7MHz_20210503_151837_0000,LSGS,0,9,0,1,5
LSGS_SION_Ground_Control_121_7MHz_20210503_151837_0001,LSGS,0,4,0,1,2
LSGS_SION_Ground_Control_121_7MHz_20210503_151916_0000,LSGS,2,9,0,0,1
LSGS_SION_Ground_Control_121_7MHz_20210503_151946_0000,LSGS,4,20,6,6,7
LSGS_SION_Ground_Control_121_7MHz_20210503_151946_0001,LSGS,4,13,13,12,16
LSGS_SION_Ground_Control_121_7MHz_20210503_152011_0000,LSGS,0,12,8,12,11
LSGS_SION_Ground_Control_121_7MHz_20210503_152011_0001,LSGS,0,10,1,4,6
LSGS_SION_Ground_Control_121_7MHz_20210503_152953_0000,LSGS,4,26,14,15,25
LSGS_SION_Ground_Control_121_7MHz_20210503_152953_0001,LSGS,4,13,1,1,4
LSGS_SION_Ground_Control_121_7MHz_20210503_153902_0000,LSGS,0,15,0,0,3
LSGS_SION_Ground_Control_121_7MHz_20210503_153923_0000,LSGS,0,20,1,1,5
LSGS_SION_Ground_Control_121_7MHz_20210503_153923_0001,LSGS,0,11,3,2,8
LSGS_SION_Ground_Control_121_7MHz_20210503_155852_0000,LSGS,2,11,9,6,10
LSGS_SION_Ground_Control_121_7MHz_20210503_155852_0001,LSGS,2,1,0,7,2
LSGS_SION_Ground_Control_121_7MHz_20210503_160018_0000,LSGS,2,7,2,2,3
LSGS_SION_Ground_Control_121_7MHz_20210503_161046_0000,LSGS,2,12,1,0,2
LSGS_SION_Ground_Control_121_7MHz_20210503_161046_0001,LSGS,2,17,0,0,3
LSGS_SION_Ground_Control_121_7MHz_20210503_161046_0002,LSGS,2,8,4,2,4
LSGS_SION_Ground_Control_121_7MHz_20210503_161854_0000,LSGS,3,10,1,1,6
LSGS_SION_Ground_Control_121_7MHz_20210503_161854_0001,LSGS,3,7,7,6,7
LSGS_SION_Ground_Control_121_7MHz_20210503_161854_0002,LSGS,3,9,1,5,5
LSGS_SION_Ground_Control_121_7MHz_20210503_161854_0003,LSGS,3,9,6,8,9
LSGS_SION_Ground_Control_121_7MHz_20210503_162417_0000,LSGS,3,6,6,8,7
LSGS_SION_Ground_Control_121_7MHz_20210503_162417_0001,LSGS,3,14,3,5,6
LSGS_SION_Ground_Control_121_7MHz_20210503_162417_0002,LSGS,3,9,3,7,11
LSGS_SION_Ground_Control_121_7MHz_20210503_163635_0000,LSGS,1,11,2,7,10
LSGS_SION_Ground_Control_121_7MHz_20210503_163635_0001,LSGS,1,21,2,7,5
LSGS_SION_Ground_Control_121_7MHz_20210503_164624_0000,LSGS,0,8,0,4,6
LSGS_SION_Ground_Control_121_7MHz_20210503_164649_0000,LSGS,4,15,0,0,2
LSGS_SION_Ground_Control_121_7MHz_20210503_164649_0001,LSGS,4,13,4,6,7
LSGS_SION_Ground_Control_121_7MHz_20210504_062720_0000,LSGS,1,12,0,2,3
LSGS_SION_Ground_Control_121_7MHz_20210504_062720_0001,LSGS,1,9,2,3,3
LSGS_SION_Ground_Control_121_7MHz_20210504_062720_0002,LSGS,1,14,6,5,10
LSGS_SION_Ground_Control_121_7MHz_20210504_063202_0000,LSGS,4,20,4,7,21
LSGS_SION_Ground_Control_121_7MHz_20210504_065614_0000,LSGS,0,23,9,15,25
LSGS_SION_Ground_Control_121_7MHz_20210504_070027_0000,LSGS,0,7,2,1,3
LSGS_SION_Ground_Control_121_7MHz_20210504_070942_0000,LSGS,1,10,3,3,7
LSGS_SION_Ground_Control_121_7MHz_20210504_095148_0000,LSGS,4,9,3,1,1
LSGS_SION_Ground_Control_121_7MHz_20210504_100959_0000,LSGS,1,18,1,3,10
LSGS_SION_Ground_Control_121_7MHz_20210504_100959_0001,LSGS,1,9,5,9,8
LSGS_SION_Ground_Control_121_7MHz_20210504_101442_0000,LSGS,1,19,0,2,4
LSGS_SION_Ground_Control_121_7MHz_20210504_101442_0001,LSGS,1,15,5,8,8
LSGS_SION_Ground_Control_121_7MHz_20210504_102003_0000,LSGS,0,4,2,7,2
LSGS_SION_Ground_Control_121_7MHz_20210504_102003_0001,LSGS,0,11,0,3,5
LSGS_SION_Ground_Control_121_7MHz_20210504_102805_0000,LSGS,0,13,0,2,5
LSGS_SION_Ground_Control_121_7MHz_20210504_102805_0001,LSGS,0,1,2,2,2
LSGS_SION_Ground_Control_121_7MHz_20210504_125034_0000,LSGS,4,13,6,6,9
LSGS_SION_Ground_Control_121_7MHz_20210504_125034_0001,LSGS,4,10,4,8,12
LSGS_SION_Ground_Control_121_7MHz_20210504_125034_0002,LSGS,4,11,7,10,7
LSGS_SION_Ground_Control_121_7MHz_20210504_130255_0000,LSGS,3,8,2,5,8
LSGS_SION_Ground_Control_121_7MHz_20210504_134548_0000,LSGS,0,8,2,4,5
LSGS_SION_Ground_Control_121_7MHz_20210504_152004_0000,LSGS,1,9,8,9,13
LSGS_SION_Ground_Control_121_7MHz_20210504_152004_0001,LSGS,1,17,7,7,9
LSGS_SION_Ground_Control_121_7MHz_20210504_152004_0002,LSGS,1,7,3,8,12
LSGS_SION_Ground_Control_121_7MHz_20210504_155421_0000,LSGS,2,7,0,3,2
LSGS_SION_Ground_Control_121_7MHz_20210504_155421_0001,LSGS,2,30,3,8,7
LSGS_SION_Ground_Control_121_7MHz_20210505_065954_0000,LSGS,2,9,0,0,4
LSGS_SION_Ground_Control_121_7MHz_20210505_105917_0000,LSGS,4,9,0,0,2
LSGS_SION_Ground_Control_121_7MHz_20210505_105917_0001,LSGS,4,2,0,0,2
LSGS_SION_Ground_Control_121_7MHz_20210505_110845_0000,LSGS,4,9,2,4,9
LSGS_SION_Ground_Control_121_7MHz_20210505_110845_0001,LSGS,4,18,1,0,4
LSGS_SION_Ground_Control_121_7MHz_20210505_110845_0002,LSGS,4,12,3,3,3
LSGS_SION_Ground_Control_121_7MHz_20210505_112213_0000,LSGS,0,6,4,7,6
LSGS_SION_Ground_Control_121_7MHz_20210505_115427_0000,LSGS,3,18,2,3,9
LSGS_SION_Ground_Control_121_7MHz_20210505_115427_0001,LSGS,3,9,6,6,13
LSGS_SION_Ground_Control_121_7MHz_20210505_132136_0000,LSGS,1,18,1,1,3
LSGS_SION_Ground_Control_121_7MHz_20210505_132136_0001,LSGS,1,14,1,1,3
LSGS_SION_Ground_Control_121_7MHz_20210505_132913_0000,LSGS,0,9,3,1,2
LSGS_SION_Ground_Control_121_7MHz_20210505_140831_0000,LSGS,3,10,4,3,4
LSGS_SION_Ground_Control_121_7MHz_20210505_140831_0001,LSGS,3,13,10,10,9
LSGS_SION_Ground_Control_121_7MHz_20210505_142343_0000,LSGS,1,6,0,1,3
LSGS_SION_Ground_Control_121_7MHz_20210505_142343_0001,LSGS,1,2,1,1,3
LSGS_SION_Ground_Control_121_7MHz_20210505_143351_0000,LSGS,0,18,9,6,8
LSGS_SION_Ground_Control_121_7MHz_20210505_143351_0001,LSGS,0,5,2,2,4
LSGS_SION_Ground_Control_121_7MHz_20210505_155803_0000,LSGS,1,13,1,1,13
LSGS_SION_Ground_Control_121_7MHz_20210505_155803_0001,LSGS,1,23,0,0,6
LSGS_SION_Ground_Control_121_7MHz_20210505_155803_0002,LSGS,1,14,3,5,10
LSGS_SION_Tower_118_3MHz_20210415_103408_0000,LSGS,3,10,1,1,3
LSGS_SION_Tower_118_3MHz_20210415_105647_0000,LSGS,4,9,2,3,9
LSGS_SION_Tower_118_3MHz_20210415_130657_0000,LSGS,2,5,1,3,6
LSGS_SION_Tower_118_3MHz_20210415_130657_0001,LSGS,2,15,2,3,18
LSGS_SION_Tower_118_3MHz_20210415_130947_0000,LSGS,2,17,5,2,5
LSGS_SION_Tower_118_3MHz_20210415_131439_0000,LSGS,4,9,1,1,4
LSGS_SION_Tower_118_3MHz_20210415_132357_0000,LSGS,0,17,0,0,3
LSGS_SION_Tower_118_3MHz_20210415_133129_0000,LSGS,2,17,0,0,4
LSGS_SION_Tower_118_3MHz_20210420_065838_0000,LSGS,3,8,5,5,8
LSGS_SION_Tower_118_3MHz_20210420_153053_0000,LSGS,1,10,2,3,4
LSGS_SION_Tower_118_3MHz_20210421_082534_0000,LSGS,1,8,2,4,13
LSGS_SION_Tower_118_3MHz_20210422_093222_0000,LSGS,1,5,1,1,7
LSGS_SION_Tower_118_3MHz_20210423_083403_0000,LSGS,3,9,2,4,5
LSGS_SION_Tower_118_3MHz_20210423_093650_0000,LSGS,2,11,5,7,10
LSGS_SION_Tower_118_3MHz_20210502_065945_0000,LSGS,1,8,0,0,3
LSGS_SION_Tower_118_3MHz_20210502_113933_0000,LSGS,3,9,3,3,8
LSGS_SION_Tower_118_3MHz_20210503_082715_0000,LSGS,2,18,1,0,8
LSGS_SION_Tower_118_3MHz_20210503_082715_0001,LSGS,2,7,1,2,5
LSGS_SION_Tower_118_3MHz_20210503_130038_0000,LSGS,0,9,1,7,9
LSGS_SION_Tower_118_3MHz_20210503_130038_0001,LSGS,0,5,3,3,5
LSGS_SION_Tower_118_3MHz_20210503_130418_0000,LSGS,2,9,0,2,6
LSGS_SION_Tower_118_3MHz_20210503_130423_0000,LSGS,0,12,4,2,4
LSGS_SION_Tower_118_3MHz_20210503_130423_0001,LSGS,0,8,0,2,2
LSGS_SION_Tower_118_3MHz_20210503_130423_0002,LSGS,0,4,4,9,5
LSGS_SION_Tower_118_3MHz_20210503_152021_0000,LSGS,1,8,0,3,5
LSGS_SION_Tower_118_3MHz_20210503_152021_0001,LSGS,1,15,4,5,6
LSGS_SION_Tower_118_3MHz_20210503_153823_0000,LSGS,4,6,2,2,6
LSGS_SION_Tower_118_3MHz_20210503_162039_0000,LSGS,0,11,0,4,9
LSGS_SION_Tower_118_3MHz_20210503_163156_0000,LSGS,0,6,2,6,9
LSGS_SION_Tower_118_3MHz_20210503_163156_0001,LSGS,0,1,0,0,2
LSGS_SION_Tower_118_3MHz_20210504_061821_0000,LSGS,4,7,1,3,12
LSGS_SION_Tower_118_3MHz_20210504_061821_0001,LSGS,4,5,5,6,5
LSGS_SION_Tower_118_3MHz_20210505_105333_0000,LSGS,4,7,0,0,3
LSGS_SION_Tower_118_3MHz_20210505_132607_0000,LSGS,3,6,2,2,10
LSGS_SION_Tower_118_3MHz_20210505_132607_0001,LSGS,3,4,0,9,8
LSGS_SION_Tower_118_3MHz_20210505_133612_0000,LSGS,4,13,0,1,4
LSGS_SION_Tower_118_3MHz_20210505_140747_0000,LSGS,0,8,7,6,8
LSZB_BERN_Approach_127_3MHz_20210413_112637_0000,LSZB,2,20,2,2,8
LSZB_BERN_Approach_127_3MHz_20210413_160609_0000,LSZB,3,15,1,1,4
LSZB_BERN_Approach_127_3MHz_20210413_161203_0000,LSZB,1,14,3,4,5
LSZB_BERN_Approach_127_3MHz_20210413_161649_0000,LSZB,2,13,1,1,8
LSZB_BERN_Approach_127_3MHz_20210414_061440_0000,LSZB,4,11,1,1,1
LSZB_BERN_Approach_127_3MHz_20210414_072005_0000,LSZB,0,14,6,6,10
LSZB_BERN_Approach_127_3MHz_20210414_072005_0001,LSZB,0,15,4,5,10
LSZB_BERN_Approach_127_3MHz_20210414_090744_0000,LSZB,4,15,0,0,0
LSZB_BERN_Approach_127_3MHz_20210414_122417_0000,LSZB,1,13,2,2,3
LSZB_BERN_Approach_127_3MHz_20210414_134643_0000,LSZB,0,11,1,2,2
LSZB_BERN_Approach_127_3MHz_20210414_155314_0000,LSZB,1,10,0,0,2
LSZB_BERN_Approach_127_3MHz_20210414_160746_0000,LSZB,3,11,2,2,4
LSZB_BERN_Approach_127_3MHz_20210414_160756_0000,LSZB,1,22,2,2,6
LSZB_BERN_Approach_127_3MHz_20210414_161919_0000,LSZB,4,11,1,1,10
LSZB_BERN_Approach_127_3MHz_20210414_182516_0000,LSZB,2,16,0,0,3
LSZB_BERN_Approach_127_3MHz_20210415_073916_0000,LSZB,1,18,5,5,6
LSZB_BERN_Approach_127_3MHz_20210415_090549_0000,LSZB,0,17,1,1,7
LSZB_BERN_Approach_127_3MHz_20210415_095230_0000,LSZB,0,14,0,0,3
LSZB_BERN_Approach_127_3MHz_20210415_120016_0000,LSZB,4,14,2,2,6
LSZB_BERN_Approach_127_3MHz_20210415_125332_0000,LSZB,4,17,4,4,5
LSZB_BERN_Approach_127_3MHz_20210415_130024_0000,LSZB,2,11,1,1,4
LSZB_BERN_Approach_127_3MHz_20210415_142653_0000,LSZB,4,14,0,0,0
LSZB_BERN_Approach_127_3MHz_20210415_152428_0000,LSZB,4,13,1,0,9
LSZB_BERN_Approach_127_3MHz_20210415_160311_0000,LSZB,4,7,1,1,6
LSZB_BERN_Approach_127_3MHz_20210415_160311_0001,LSZB,4,4,1,1,7
LSZB_BERN_Approach_127_3MHz_20210415_170152_0000,LSZB,4,26,4,5,7
LSZB_BERN_Approach_127_3MHz_20210415_173338_0000,LSZB,0,30,3,3,12
LSZB_BERN_Approach_127_3MHz_20210415_173338_0001,LSZB,0,9,5,2,9
LSZB_BERN_Approach_127_3MHz_20210416_061750_0000,LSZB,2,20,3,4,7
LSZB_BERN_Approach_127_3MHz_20210416_072155_0000,LSZB,0,25,1,1,8
LSZB_BERN_Approach_127_3MHz_20210416_084747_0000,LSZB,3,12,1,1,2
LSZB_BERN_Approach_127_3MHz_20210416_090122_0000,LSZB,4,5,3,3,6
LSZB_BERN_Approach_127_3MHz_20210416_090122_0001,LSZB,4,17,1,0,9
LSZB_BERN_Approach_127_3MHz_20210416_090122_0002,LSZB,4,13,4,5,6
LSZB_BERN_Approach_127_3MHz_20210416_090122_0003,LSZB,4,14,1,1,10
LSZB_BERN_Approach_127_3MHz_20210416_090122_0004,LSZB,4,9,3,1,10
LSZB_BERN_Approach_127_3MHz_20210416_090122_0005,LSZB,4,15,3,2,6
LSZB_BERN_Approach_127_3MHz_20210416_090122_0006,LSZB,4,14,5,9,10
LSZB_BERN_Approach_127_3MHz_20210416_090122_0007,LSZB,4,2,0,0,0
LSZB_BERN_Approach_127_3MHz_20210416_132948_0000,LSZB,4,7,4,4,5
LSZB_BERN_Approach_127_3MHz_20210416_132948_0001,LSZB,4,9,1,2,5
LSZB_BERN_Approach_127_3MHz_20210418_083338_0000,LSZB,4,15,5,6,6
LSZB_BERN_Approach_127_3MHz_20210418_083338_0001,LSZB,4,5,0,0,3
LSZB_BERN_Approach_127_3MHz_20210418_083338_0002,LSZB,4,5,1,1,5
LSZB_BERN_Approach_127_3MHz_20210418_152915_0000,LSZB,0,11,0,0,1
LSZB_BERN_Approach_127_3MHz_20210419_091544_0000,LSZB,3,10,0,2,12
LSZB_BERN_Approach_127_3MHz_20210420_090959_0000,LSZB,4,6,0,0,8
LSZB_BERN_Approach_127_3MHz_20210420_090959_0001,LSZB,4,5,0,0,2
LSZB_BERN_Approach_127_3MHz_20210421_165346_0000,LSZB,0,7,1,1,1
LSZB_BERN_Approach_127_3MHz_20210421_165346_0001,LSZB,0,5,0,1,1
LSZB_BERN_Approach_127_3MHz_20210421_165346_0002,LSZB,0,5,1,1,0
LSZB_BERN_Approach_127_3MHz_20210424_150535_0000,LSZB,3,18,0,0,5
LSZB_BERN_Approach_127_3MHz_20210424_180809_0000,LSZB,3,10,4,7,15
LSZB_BERN_Approach_127_3MHz_20210424_180809_0001,LSZB,3,6,0,0,8
LSZB_BERN_Approach_127_3MHz_20210425_162033_0000,LSZB,0,19,1,0,2
LSZB_BERN_Tower_121_0MHz_20210413_093520_0000,LSZB,4,16,0,0,1
LSZB_BERN_Tower_121_0MHz_20210413_095907_0000,LSZB,3,37,9,9,10
LSZB_BERN_Tower_121_0MHz_20210413_102305_0000,LSZB,1,26,5,5,9
LSZB_BERN_Tower_121_0MHz_20210413_103222_0000,LSZB,4,16,1,0,4
LSZB_BERN_Tower_121_0MHz_20210413_110527_0000,LSZB,3,7,4,7,13
LSZB_BERN_Tower_121_0MHz_20210413_110527_0001,LSZB,3,6,0,0,2
LSZB_BERN_Tower_121_0MHz_20210413_111807_0000,LSZB,4,21,1,1,5
LSZB_BERN_Tower_121_0MHz_20210413_112156_0000,LSZB,4,13,2,0,2
LSZB_BERN_Tower_121_0MHz_20210413_114456_0000,LSZB,1,15,11,18,15
LSZB_BERN_Tower_121_0MHz_20210413_114456_0001,LSZB,1,20,4,4,9
LSZB_BERN_Tower_121_0MHz_20210413_123724_0000,LSZB,0,18,0,0,3
LSZB_BERN_Tower_121_0MHz_20210413_124002_0000,LSZB,3,23,4,4,10
LSZB_BERN_Tower_121_0MHz_20210413_124002_0001,LSZB,3,12,1,1,6
LSZB_BERN_Tower_121_0MHz_20210413_124225_0000,LSZB,1,12,0,0,2
LSZB_BERN_Tower_121_0MHz_20210413_124320_0000,LSZB,1,24,3,3,10
LSZB_BERN_Tower_121_0MHz_20210413_125843_0000,LSZB,3,17,4,9,4
LSZB_BERN_Tower_121_0MHz_20210413_132353_0000,LSZB,2,40,10,10,20
LSZB_BERN_Tower_121_0MHz_20210413_132431_0000,LSZB,4,19,19,16,15
LSZB_BERN_Tower_121_0MHz_20210413_132431_0001,LSZB,4,11,5,6,7
LSZB_BERN_Tower_121_0MHz_20210413_132952_0000,LSZB,1,18,1,1,4
LSZB_BERN_Tower_121_0MHz_20210413_132952_0001,LSZB,1,4,4,3,7
LSZB_BERN_Tower_121_0MHz_20210413_133125_0000,LSZB,3,19,2,5,10
LSZB_BERN_Tower_121_0MHz_20210413_133435_0000,LSZB,3,21,1,0,2
LSZB_BERN_Tower_121_0MHz_20210413_140554_0000,LSZB,3,12,0,0,2
LSZB_BERN_Tower_121_0MHz_20210413_141321_0000,LSZB,0,26,2,2,9
LSZB_BERN_Tower_121_0MHz_20210413_141321_0001,LSZB,0,15,1,1,5
LSZB_BERN_Tower_121_0MHz_20210413_141529_0000,LSZB,0,17,0,0,2
LSZB_BERN_Tower_121_0MHz_20210413_141529_0001,LSZB,0,9,7,4,6
LSZB_BERN_Tower_121_0MHz_20210413_144653_0000,LSZB,0,23,4,2,7
LSZB_BERN_Tower_121_0MHz_20210413_144903_0000,LSZB,1,21,4,5,18
LSZB_BERN_Tower_121_0MHz_20210413_144903_0001,LSZB,1,22,2,3,9
LSZB_BERN_Tower_121_0MHz_20210413_145507_0000,LSZB,1,14,2,1,6
LSZB_BERN_Tower_121_0MHz_20210413_161649_0000,LSZB,4,12,0,0,7
LSZB_BERN_Tower_121_0MHz_20210413_165415_0000,LSZB,1,20,1,2,8
LSZB_BERN_Tower_121_0MHz_20210414_063449_0000,LSZB,4,11,1,1,3
LSZB_BERN_Tower_121_0MHz_20210414_063757_0000,LSZB,3,12,0,0,1
LSZB_BERN_Tower_121_0MHz_20210414_064609_0000,LSZB,4,19,1,1,4
LSZB_BERN_Tower_121_0MHz_20210414_072026_0000,LSZB,2,18,2,3,6
LSZB_BERN_Tower_121_0MHz_20210414_073411_0000,LSZB,4,11,0,0,8
LSZB_BERN_Tower_121_0MHz_20210414_073805_0000,LSZB,2,10,0,1,3
LSZB_BERN_Tower_121_0MHz_20210414_081657_0000,LSZB,0,22,1,1,3
LSZB_BERN_Tower_121_0MHz_20210414_092138_0000,LSZB,3,17,0,0,1
LSZB_BERN_Tower_121_0MHz_20210414_093450_0000,LSZB,1,12,0,1,0
LSZB_BERN_Tower_121_0MHz_20210414_094052_0000,LSZB,0,18,0,0,3
LSZB_BERN_Tower_121_0MHz_20210414_094938_0000,LSZB,4,5,4,2,8
LSZB_BERN_Tower_121_0MHz_20210414_094938_0001,LSZB,4,24,1,1,10
LSZB_BERN_Tower_121_0MHz_20210414_103845_0000,LSZB,4,14,1,1,9
LSZB_BERN_Tower_121_0MHz_20210414_125328_0000,LSZB,4,23,1,1,4
LSZB_BERN_Tower_121_0MHz_20210414_132458_0000,LSZB,4,14,0,0,1
LSZB_BERN_Tower_121_0MHz_20210414_151418_0000,LSZB,1,19,9,6,13
LSZB_BERN_Tower_121_0MHz_20210414_162817_0000,LSZB,1,11,3,3,7
LSZB_BERN_Tower_121_0MHz_20210415_122910_0000,LSZB,0,10,0,0,7
LSZB_BERN_Tower_121_0MHz_20210415_122910_0001,LSZB,0,15,4,4,7
LSZB_BERN_Tower_121_0MHz_20210415_123557_0000,LSZB,2,16,7,11,11
LSZB_BERN_Tower_121_0MHz_20210415_124802_0000,LSZB,2,22,3,2,9
LSZB_BERN_Tower_121_0MHz_20210415_125054_0000,LSZB,0,18,6,6,10
LSZB_BERN_Tower_121_0MHz_20210415_130747_0000,LSZB,2,19,5,6,10
LSZB_BERN_Tower_121_0MHz_20210415_134139_0000,LSZB,0,17,6,6,7
LSZB_BERN_Tower_121_0MHz_20210415_134749_0000,LSZB,2,13,0,0,8
LSZB_BERN_Tower_121_0MHz_20210415_134749_0001,LSZB,2,6,0,0,4
LSZB_BERN_Tower_121_0MHz_20210415_140747_0000,LSZB,1,8,0,0,8
LSZB_BERN_Tower_121_0MHz_20210415_140747_0001,LSZB,1,16,0,0,2
LSZB_BERN_Tower_121_0MHz_20210415_140747_0002,LSZB,1,8,3,3,6
LSZB_BERN_Tower_121_0MHz_20210416_082152_0000,LSZB,4,16,0,0,3
LSZB_BERN_Tower_121_0MHz_20210416_083545_0000,LSZB,0,15,1,1,3
LSZB_BERN_Tower_121_0MHz_20210418_114748_0000,LSZB,3,12,4,4,7
LSZB_BERN_Tower_121_0MHz_20210418_185745_0000,LSZB,3,11,0,0,2
LSZB_BERN_Tower_121_0MHz_20210419_090344_0000,LSZB,2,7,3,2,5
LSZB_BERN_Tower_121_0MHz_20210419_090344_0001,LSZB,2,8,0,0,7
LSZB_BERN_Tower_121_0MHz_20210419_092415_0000,LSZB,1,4,4,5,7
LSZB_BERN_Tower_121_0MHz_20210419_092415_0001,LSZB,1,8,0,0,8
LSZB_BERN_Tower_121_0MHz_20210419_092415_0002,LSZB,1,6,3,4,6
LSZB_BERN_Tower_121_0MHz_20210419_124328_0000,LSZB,0,16,2,2,4
LSZB_BERN_Tower_121_0MHz_20210420_062521_0000,LSZB,1,24,3,3,4
LSZB_BERN_Tower_121_0MHz_20210420_062521_0001,LSZB,1,20,3,5,7
LSZB_BERN_Tower_121_0MHz_20210420_090730_0000,LSZB,3,7,0,0,6
LSZB_BERN_Tower_121_0MHz_20210420_090730_0001,LSZB,3,14,3,3,9
LSZB_BERN_Tower_121_0MHz_20210420_122956_0000,LSZB,3,14,1,1,6
LSZB_BERN_Tower_121_0MHz_20210420_125136_0000,LSZB,4,18,5,7,11
LSZB_BERN_Tower_121_0MHz_20210421_094113_0000,LSZB,1,20,2,2,9
LSZB_BERN_Tower_121_0MHz_20210421_115837_0000,LSZB,0,8,3,3,6
LSZB_BERN_Tower_121_0MHz_20210421_115837_0001,LSZB,0,4,0,0,3
LSZB_BERN_Tower_121_0MHz_20210421_123703_0000,LSZB,0,11,9,7,9
LSZB_BERN_Tower_121_0MHz_20210421_123703_0001,LSZB,0,3,0,0,5
LSZB_BERN_Tower_121_0MHz_20210421_162453_0000,LSZB,1,14,1,1,22
LSZB_BERN_Tower_121_0MHz_20210422_140356_0000,LSZB,3,17,1,1,4
LSZB_BERN_Tower_121_0MHz_20210423_060534_0000,LSZB,1,30,2,5,8
LSZB_BERN_Tower_121_0MHz_20210423_071332_0000,LSZB,4,7,1,4,5
LSZB_BERN_Tower_121_0MHz_20210423_071332_0001,LSZB,4,7,0,0,3
LSZB_BERN_Tower_121_0MHz_20210423_081639_0000,LSZB,1,19,0,1,5
LSZB_BERN_Tower_121_0MHz_20210423_081639_0001,LSZB,1,10,6,6,7
LSZB_BERN_Tower_121_0MHz_20210423_091530_0000,LSZB,4,4,1,1,4
LSZB_BERN_Tower_121_0MHz_20210423_091530_0001,LSZB,4,12,3,3,4
LSZB_BERN_Tower_121_0MHz_20210423_123112_0000,LSZB,0,14,7,7,11
LSZB_BERN_Tower_121_0MHz_20210423_130638_0000,LSZB,1,5,0,0,3
LSZB_BERN_Tower_121_0MHz_20210423_130638_0001,LSZB,1,7,0,1,5
LSZB_BERN_Tower_121_0MHz_20210424_065548_0000,LSZB,3,14,0,0,0
LSZB_BERN_Tower_121_0MHz_20210424_074539_0000,LSZB,4,22,3,4,7
LSZB_BERN_Tower_121_0MHz_20210424_075638_0000,LSZB,0,6,0,0,7
LSZB_BERN_Tower_121_0MHz_20210424_075638_0001,LSZB,0,7,1,1,4
LSZB_BERN_Tower_121_0MHz_20210424_082145_0000,LSZB,1,11,2,2,3
LSZB_BERN_Tower_121_0MHz_20210424_082532_0000,LSZB,4,14,1,3,4
LSZB_BERN_Tower_121_0MHz_20210424_083144_0000,LSZB,4,11,0,0,6
LSZB_BERN_Tower_121_0MHz_20210424_084133_0000,LSZB,2,17,3,3,5
LSZB_BERN_Tower_121_0MHz_20210424_130512_0000,LSZB,2,16,5,5,7
LSZB_BERN_Tower_121_0MHz_20210424_132821_0000,LSZB,3,16,2,2,1
LSZB_BERN_Tower_121_0MHz_20210424_151756_0000,LSZB,2,12,3,2,12
LSZB_BERN_Tower_121_0MHz_20210424_151756_0001,LSZB,2,4,3,3,4
LSZB_BERN_Tower_121_0MHz_20210424_164323_0000,LSZB,2,3,1,1,1
LSZB_BERN_Tower_121_0MHz_20210424_164323_0001,LSZB,2,20,5,2,4
LSZB_BERN_Tower_121_0MHz_20210424_164323_0002,LSZB,2,1,1,1,1
LSZB_BERN_Tower_121_0MHz_20210425_074052_0000,LSZB,0,14,2,1,2
LSZB_BERN_Tower_121_0MHz_20210425_084853_0000,LSZB,3,8,0,0,4
LSZB_BERN_Tower_121_0MHz_20210425_084853_0001,LSZB,3,11,4,4,5
LSZB_BERN_Tower_121_0MHz_20210425_112657_0000,LSZB,1,17,6,7,9
LSZB_BERN_Tower_121_0MHz_20210425_112657_0001,LSZB,1,14,6,10,7
LSZB_BERN_Tower_121_0MHz_20210425_115720_0000,LSZB,4,8,0,0,8
LSZB_BERN_Tower_121_0MHz_20210425_115720_0001,LSZB,4,3,1,1,2
LSZH_ZURICH_ApronN_121_85MHz_20210414_064241_0000,LSZH,4,12,0,2,6
LSZH_ZURICH_ApronN_121_85MHz_20210414_081643_0000,LSZH,0,12,1,1,2
LSZH_ZURICH_ApronN_121_85MHz_20210414_110350_0000,LSZH,1,13,2,2,3
LSZH_ZURICH_ApronN_121_85MHz_20210414_124259_0000,LSZH,2,13,2,3,9
LSZH_ZURICH_ApronS_121_75MHz_20210414_054811_0000,LSZH,4,13,4,4,12
LSZH_ZURICH_ApronS_121_75MHz_20210414_075710_0000,LSZH,4,12,0,0,5
LSZH_ZURICH_ApronS_121_75MHz_20210414_080433_0000,LSZH,2,12,3,2,9
LSZH_ZURICH_ApronS_121_75MHz_20210414_080706_0000,LSZH,1,20,5,5,5
LSZH_ZURICH_ApronS_121_75MHz_20210414_092130_0000,LSZH,3,16,0,1,1
LSZH_ZURICH_ApronS_121_75MHz_20210414_095157_0000,LSZH,4,13,0,0,1
LSZH_ZURICH_ApronS_121_75MHz_20210414_100142_0000,LSZH,2,12,2,5,8
LSZH_ZURICH_ApronS_121_75MHz_20210414_102855_0000,LSZH,2,15,3,3,9
LSZH_ZURICH_ApronS_121_75MHz_20210414_103310_0000,LSZH,2,15,3,4,6
LSZH_ZURICH_ApronS_121_75MHz_20210414_111307_0000,LSZH,4,16,1,2,5
LSZH_ZURICH_ApronS_121_75MHz_20210414_114326_0000,LSZH,0,17,1,0,5
LSZH_ZURICH_ApronS_121_75MHz_20210414_133039_0000,LSZH,1,17,1,2,11
LSZH_ZURICH_ApronS_121_75MHz_20210414_144341_0000,LSZH,3,14,0,0,1
LSZH_ZURICH_ApronS_121_75MHz_20210414_160214_0000,LSZH,4,16,1,2,4
LSZH_ZURICH_ApronS_121_75MHz_20210414_160339_0000,LSZH,3,16,2,2,2
LSZH_ZURICH_ApronS_121_75MHz_20210414_162243_0000,LSZH,1,18,3,3,4
LSZH_ZURICH_ApronS_121_75MHz_20210414_162243_0001,LSZH,1,14,4,4,6
LSZH_ZURICH_ApronS_121_75MHz_20210414_163659_0000,LSZH,0,16,3,2,7
LSZH_ZURICH_ApronS_121_75MHz_20210414_170759_0000,LSZH,2,17,1,2,1
LSZH_ZURICH_ApronS_121_75MHz_20210414_181316_0000,LSZH,3,15,1,3,8
LSZH_ZURICH_ApronS_121_75MHz_20210418_075050_0000,LSZH,2,26,6,7,7
LSZH_ZURICH_Ground_121_905MHz_20210414_041339_0000,LSZH,3,5,2,2,4
LSZH_ZURICH_Ground_121_905MHz_20210414_041339_0001,LSZH,3,21,5,4,12
LSZH_ZURICH_Tower_118_1MHz_20210412_144335_0000,LSZH,3,18,0,1,3
LSZH_ZURICH_Tower_118_1MHz_20210412_150237_0000,LSZH,0,13,4,4,11
LSZH_ZURICH_Tower_118_1MHz_20210412_150237_0001,LSZH,0,22,3,7,12
LSZH_ZURICH_Tower_118_1MHz_20210412_151208_0000,LSZH,0,24,6,7,16
LSZH_ZURICH_Tower_118_1MHz_20210412_155616_0000,LSZH,1,13,5,6,11
LSZH_ZURICH_Tower_118_1MHz_20210412_155616_0001,LSZH,1,24,2,2,9
LSZH_ZURICH_Tower_118_1MHz_20210412_155616_0002,LSZH,1,16,8,7,10
LSZH_ZURICH_Tower_118_1MHz_20210412_160024_0000,LSZH,4,13,4,2,8
LSZH_ZURICH_Tower_118_1MHz_20210412_160024_0001,LSZH,4,25,2,4,8
LSZH_ZURICH_Tower_118_1MHz_20210412_161248_0000,LSZH,3,14,0,4,5
LSZH_ZURICH_Tower_118_1MHz_20210412_161248_0001,LSZH,3,12,1,2,1
LSZH_ZURICH_Tower_118_1MHz_20210412_161648_0000,LSZH,2,20,2,2,3
LSZH_ZURICH_Tower_118_1MHz_20210412_163642_0000,LSZH,3,21,3,4,18
LSZH_ZURICH_Tower_118_1MHz_20210412_163642_0001,LSZH,3,11,6,3,11
LSZH_ZURICH_Tower_118_1MHz_20210412_163754_0000,LSZH,3,15,3,4,2
LSZH_ZURICH_Tower_118_1MHz_20210412_191440_0000,LSZH,4,12,0,0,1
LSZH_ZURICH_Tower_118_1MHz_20210412_194406_0000,LSZH,2,10,2,1,6
LSZH_ZURICH_Tower_118_1MHz_20210412_205041_0000,LSZH,1,16,5,5,7
LSZH_ZURICH_Tower_118_1MHz_20210412_205041_0001,LSZH,1,9,4,6,14
LSZH_ZURICH_Tower_118_1MHz_20210413_040538_0000,LSZH,3,20,5,6,13
LSZH_ZURICH_Tower_118_1MHz_20210413_053020_0000,LSZH,2,21,6,6,7
LSZH_ZURICH_Tower_118_1MHz_20210413_053020_0001,LSZH,2,22,0,0,2
LSZH_ZURICH_Tower_118_1MHz_20210413_053348_0000,LSZH,1,12,3,3,3
LSZH_ZURICH_Tower_118_1MHz_20210413_080112_0000,LSZH,0,11,1,2,1
LSZH_ZURICH_Tower_118_1MHz_20210413_105440_0000,LSZH,3,7,2,3,7
LSZH_ZURICH_Tower_118_1MHz_20210413_105440_0001,LSZH,3,8,2,5,9
LSZH_ZURICH_Tower_118_1MHz_20210413_151347_0000,LSZH,4,13,4,6,8
LSZH_ZURICH_Tower_118_1MHz_20210413_152740_0000,LSZH,2,10,0,2,3
LSZH_ZURICH_Tower_118_1MHz_20210413_152740_0001,LSZH,2,10,7,7,7
LSZH_ZURICH_Tower_118_1MHz_20210413_204447_0000,LSZH,2,15,2,4,6
LSZH_ZURICH_Tower_118_1MHz_20210414_055559_0000,LSZH,3,13,2,3,3
LSZH_ZURICH_Tower_118_1MHz_20210414_055758_0000,LSZH,1,15,3,4,9
LSZH_ZURICH_Tower_118_1MHz_20210414_064101_0000,LSZH,3,14,1,1,3
LSZH_ZURICH_Tower_118_1MHz_20210414_064502_0000,LSZH,4,14,2,2,4
LSZH_ZURICH_Tower_118_1MHz_20210414_064502_0001,LSZH,4,10,4,4,6
LSZH_ZURICH_Tower_118_1MHz_20210414_071700_0000,LSZH,4,15,1,2,15
LSZH_ZURICH_Tower_118_1MHz_20210414_080622_0000,LSZH,2,21,1,4,11
LSZH_ZURICH_Tower_118_1MHz_20210414_080622_0001,LSZH,2,18,9,10,47
LSZH_ZURICH_Tower_118_1MHz_20210414_080622_0002,LSZH,2,2,0,0,0
LSZH_ZURICH_Tower_118_1MHz_20210414_080802_0000,LSZH,4,14,1,1,3
LSZH_ZURICH_Tower_118_1MHz_20210414_080802_0001,LSZH,4,9,3,4,4
LSZH_ZURICH_Tower_118_1MHz_20210414_081018_0000,LSZH,3,17,0,1,3
LSZH_ZURICH_Tower_118_1MHz_20210414_083710_0000,LSZH,2,12,2,3,9
LSZH_ZURICH_Tower_118_1MHz_20210414_083710_0001,LSZH,2,27,3,4,8
LSZH_ZURICH_Tower_118_1MHz_20210414_084612_0000,LSZH,4,4,4,4,3
LSZH_ZURICH_Tower_118_1MHz_20210414_084612_0001,LSZH,4,4,1,1,2
LSZH_ZURICH_Tower_118_1MHz_20210414_084612_0002,LSZH,4,21,1,2,4
LSZH_ZURICH_Tower_118_1MHz_20210414_085414_0000,LSZH,0,24,1,4,12
LSZH_ZURICH_Tower_118_1MHz_20210414_085600_0000,LSZH,4,22,2,3,10
LSZH_ZURICH_Tower_118_1MHz_20210414_085908_0000,LSZH,2,11,5,5,9
LSZH_ZURICH_Tower_118_1MHz_20210414_085908_0001,LSZH,2,22,5,7,9
LSZH_ZURICH_Tower_118_1MHz_20210414_085908_0002,LSZH,2,11,5,2,15
LSZH_ZURICH_Tower_118_1MHz_20210414_085908_0003,LSZH,2,5,5,5,7
LSZH_ZURICH_Tower_118_1MHz_20210414_085932_0000,LSZH,1,15,1,2,6
LSZH_ZURICH_Tower_118_1MHz_20210414_092731_0000,LSZH,0,20,0,0,5
LSZH_ZURICH_Tower_118_1MHz_20210414_092731_0001,LSZH,0,9,1,1,9
LSZH_ZURICH_Tower_118_1MHz_20210414_095149_0000,LSZH,3,9,0,0,6
LSZH_ZURICH_Tower_118_1MHz_20210414_095149_0001,LSZH,3,4,1,1,3
LSZH_ZURICH_Tower_118_1MHz_20210414_101140_0000,LSZH,2,17,4,4,6
LSZH_ZURICH_Tower_118_1MHz_20210414_101150_0000,LSZH,3,12,1,2,6
LSZH_ZURICH_Tower_118_1MHz_20210414_112229_0000,LSZH,0,20,4,4,6
LSZH_ZURICH_Tower_118_1MHz_20210414_112539_0000,LSZH,0,22,2,2,9
LSZH_ZURICH_Tower_118_1MHz_20210414_112558_0000,LSZH,1,10,0,2,2
LSZH_ZURICH_Tower_118_1MHz_20210414_112558_0001,LSZH,1,10,3,5,8
LSZH_ZURICH_Tower_118_1MHz_20210414_112740_0000,LSZH,1,16,4,7,8
LSZH_ZURICH_Tower_118_1MHz_20210414_112740_0001,LSZH,1,14,3,7,13
LSZH_ZURICH_Tower_118_1MHz_20210414_123120_0000,LSZH,2,15,0,0,6
LSZH_ZURICH_Tower_118_1MHz_20210414_125040_0000,LSZH,3,16,4,4,3
LSZH_ZURICH_Tower_118_1MHz_20210414_133203_0000,LSZH,0,17,4,3,8
LSZH_ZURICH_Tower_118_1MHz_20210414_133203_0001,LSZH,0,8,1,2,7
LSZH_ZURICH_Tower_118_1MHz_20210414_135448_0000,LSZH,0,23,4,6,11
LSZH_ZURICH_Tower_118_1MHz_20210414_140139_0000,LSZH,3,22,2,3,9
LSZH_ZURICH_Tower_118_1MHz_20210414_142643_0000,LSZH,3,11,0,1,3
LSZH_ZURICH_Tower_118_1MHz_20210414_142643_0001,LSZH,3,9,4,4,10
LSZH_ZURICH_Tower_118_1MHz_20210414_144013_0000,LSZH,1,18,3,3,5
LSZH_ZURICH_Tower_118_1MHz_20210414_153107_0000,LSZH,2,22,4,4,9
LSZH_ZURICH_Tower_118_1MHz_20210414_153211_0000,LSZH,4,10,1,4,9
LSZH_ZURICH_Tower_118_1MHz_20210414_160105_0000,LSZH,4,17,1,1,2
LSZH_ZURICH_Tower_118_1MHz_20210414_160105_0001,LSZH,4,9,3,3,11
LSZH_ZURICH_Tower_118_1MHz_20210414_161146_0000,LSZH,2,14,0,0,2
LSZH_ZURICH_Tower_118_1MHz_20210414_162532_0000,LSZH,1,13,2,5,6
LSZH_ZURICH_Tower_118_1MHz_20210414_173215_0000,LSZH,0,17,0,0,5
LSZH_ZURICH_Tower_118_1MHz_20210414_180614_0000,LSZH,2,11,1,1,4
LSZH_ZURICH_Tower_118_1MHz_20210416_130649_0000,LSZH,4,20,4,4,8
LSZH_ZURICH_Tower_118_1MHz_20210416_133803_0000,LSZH,0,12,0,1,12
LSZH_ZURICH_Tower_118_1MHz_20210416_174125_0000,LSZH,2,14,2,3,5
LSZH_ZURICH_Tower_118_1MHz_20210418_101741_0000,LSZH,0,11,0,1,2
LSZH_ZURICH_Tower_118_1MHz_20210418_102439_0000,LSZH,2,20,2,2,8
LSZH_ZURICH_Tower_118_1MHz_20210418_131615_0000,LSZH,1,10,1,1,10
LSZH_ZURICH_Tower_118_1MHz_20210418_131615_0001,LSZH,1,4,1,1,4
LSZH_ZURICH_Tower_118_1MHz_20210418_155559_0000,LSZH,4,16,2,5,11
LSZH_ZURICH_Tower_118_1MHz_20210422_110047_0000,LSZH,0,13,1,1,1
LSZH_ZURICH_Tower_118_1MHz_20210424_064001_0000,LSZH,0,8,2,3,11
LSZH_ZURICH_Tower_118_1MHz_20210424_064001_0001,LSZH,0,6,1,1,7
LSZH_ZURICH_Tower_118_1MHz_20210424_080552_0000,LSZH,3,7,3,1,6
LSZH_ZURICH_Tower_118_1MHz_20210424_080552_0001,LSZH,3,9,1,1,7
LSZH_ZURICH_Tower_118_1MHz_20210424_081042_0000,LSZH,3,13,2,2,2
LSZH_ZURICH_Tower_118_1MHz_20210424_092648_0000,LSZH,2,13,4,4,6
LSZH_ZURICH_Tower_118_1MHz_20210424_160722_0000,LSZH,0,14,6,5,12
LZIB_STEFANIK_Approach_120_9MHz_20210426_202558_0000,LZIB,2,13,5,5,11
LZIB_STEFANIK_Approach_120_9MHz_20210426_203133_0000,LZIB,2,17,5,5,8
LZIB_STEFANIK_Approach_120_9MHz_20210426_203133_0001,LZIB,2,21,2,1,8
LZIB_STEFANIK_Approach_120_9MHz_20210426_203133_0002,LZIB,2,22,7,7,14
LZIB_STEFANIK_Approach_120_9MHz_20210426_203133_0003,LZIB,2,16,0,2,3
LZIB_STEFANIK_Approach_120_9MHz_20210428_092625_0000,LZIB,3,12,3,3,16
LZIB_STEFANIK_Approach_120_9MHz_20210428_092625_0001,LZIB,3,1,4,4,4
LZIB_STEFANIK_Tower_118_3MHz_20210423_120826_0000,LZIB,2,15,7,9,10
LZIB_STEFANIK_Tower_118_3MHz_20210424_151420_0000,LZIB,0,13,5,6,8
LZIB_STEFANIK_Tower_118_3MHz_20210424_151420_0001,LZIB,0,33,3,7,12
LZIB_STEFANIK_Tower_118_3MHz_20210424_151420_0002,LZIB,0,10,2,1,6
LZIB_STEFANIK_Tower_118_3MHz_20210425_120446_0000,LZIB,2,16,3,4,8
LZIB_STEFANIK_Tower_118_3MHz_20210425_122209_0000,LZIB,4,15,3,4,10
LZIB_STEFANIK_Tower_118_3MHz_20210425_122209_0001,LZIB,4,24,3,6,5
LZIB_STEFANIK_Tower_118_3MHz_20210425_122209_0002,LZIB,4,10,2,1,4
LZIB_STEFANIK_Tower_118_3MHz_20210425_130418_0000,LZIB,1,11,1,1,2
LZIB_STEFANIK_Tower_118_3MHz_20210426_132814_0000,LZIB,4,32,12,14,11
LZIB_STEFANIK_Tower_118_3MHz_20210426_203652_0000,LZIB,2,21,5,5,11
LZIB_STEFANIK_Tower_118_3MHz_20210427_143012_0000,LZIB,3,8,0,2,6
LZIB_STEFANIK_Tower_118_3MHz_20210427_143012_0001,LZIB,3,3,1,0,0
LZIB_STEFANIK_Tower_118_3MHz_20210427_143155_0000,LZIB,4,16,4,4,11
LZIB_STEFANIK_Tower_118_3MHz_20210427_143155_0001,LZIB,4,18,1,0,5
LZIB_STEFANIK_Tower_118_3MHz_20210427_162200_0000,LZIB,0,12,2,1,2
LZIB_STEFANIK_Tower_118_3MHz_20210427_162200_0001,LZIB,0,10,4,1,4
LZIB_STEFANIK_Tower_118_3MHz_20210427_163922_0000,LZIB,1,10,1,4,5
LZIB_STEFANIK_Tower_118_3MHz_20210427_163922_0001,LZIB,1,11,0,0,3
LZIB_STEFANIK_Tower_118_3MHz_20210428_203205_0000,LZIB,4,16,2,4,6
LZIB_STEFANIK_Tower_118_3MHz_20210429_075711_0000,LZIB,4,12,6,9,10
LZIB_STEFANIK_Tower_118_3MHz_20210429_075711_0001,LZIB,4,12,5,7,7
LZIB_STEFANIK_Tower_118_3MHz_20210429_075711_0002,LZIB,4,14,1,1,3
LZIB_STEFANIK_Tower_118_3MHz_20210429_075711_0003,LZIB,4,40,1,2,11
LZIB_STEFANIK_Tower_118_3MHz_20210429_202823_0000,LZIB,0,8,4,4,10
LZIB_STEFANIK_Tower_118_3MHz_20210429_202823_0001,LZIB,0,7,2,5,8
LZIB_STEFANIK_Tower_118_3MHz_20210429_203102_0000,LZIB,3,20,4,6,8
LZIB_STEFANIK_Tower_118_3MHz_20210429_203102_0001,LZIB,3,6,1,1,3
LZIB_STEFANIK_Tower_118_3MHz_20210430_000651_0000,LZIB,0,12,3,4,2
LZIB_STEFANIK_Tower_118_3MHz_20210430_104342_0000,LZIB,4,12,1,1,5
LZIB_STEFANIK_Tower_118_3MHz_20210430_150028_0000,LZIB,0,19,2,3,1
LZIB_STEFANIK_Tower_118_3MHz_20210430_151209_0000,LZIB,2,20,7,8,12
LZIB_STEFANIK_Tower_118_3MHz_20210430_151209_0001,LZIB,2,12,2,3,8
LZIB_STEFANIK_Tower_118_3MHz_20210430_151209_0002,LZIB,2,28,0,1,3
LZIB_STEFANIK_Tower_118_3MHz_20210430_155946_0000,LZIB,2,11,1,1,2
LZIB_STEFANIK_Tower_118_3MHz_20210430_155946_0001,LZIB,2,4,4,4,4
LZIB_STEFANIK_Tower_118_3MHz_20210430_181207_0000,LZIB,1,13,1,1,6
LZIB_STEFANIK_Tower_118_3MHz_20210430_181207_0001,LZIB,1,13,1,2,11
LZIB_STEFANIK_Tower_118_3MHz_20210430_181535_0000,LZIB,2,17,0,0,2
LZIB_STEFANIK_Tower_118_3MHz_20210430_203034_0000,LZIB,4,18,10,9,10
LZIB_STEFANIK_Tower_118_3MHz_20210430_203041_0000,LZIB,2,7,0,0,1
LZIB_STEFANIK_Tower_118_3MHz_20210430_203041_0001,LZIB,2,6,5,5,14
LZIB_STEFANIK_Tower_118_3MHz_20210502_141218_0000,LZIB,3,14,3,9,10
LZIB_STEFANIK_Tower_118_3MHz_20210502_141218_0001,LZIB,3,28,1,5,13
LZIB_STEFANIK_Tower_118_3MHz_20210502_141218_0002,LZIB,3,10,2,2,4
LZIB_STEFANIK_Tower_118_3MHz_20210502_141218_0003,LZIB,3,6,0,0,2
LZIB_STEFANIK_Tower_118_3MHz_20210502_141218_0004,LZIB,3,7,5,5,9
LZIB_STEFANIK_Tower_118_3MHz_20210503_131815_0000,LZIB,2,12,0,0,0
LZIB_STEFANIK_Tower_118_3MHz_20210503_131815_0001,LZIB,2,13,0,0,0
LZIB_STEFANIK_Tower_118_3MHz_20210503_131815_0002,LZIB,2,1,0,0,0
LZIB_STEFANIK_Tower_118_3MHz_20210503_202731_0000,LZIB,0,17,0,1,8
LZIB_STEFANIK_Tower_118_3MHz_20210503_202731_0001,LZIB,0,20,7,6,9
LZIB_STEFANIK_Tower_118_3MHz_20210503_203710_0000,LZIB,0,10,1,1,6
LZIB_STEFANIK_Tower_118_3MHz_20210503_203710_0001,LZIB,0,10,6,5,14
LZIB_STEFANIK_Tower_118_3MHz_20210503_204845_0000,LZIB,1,14,0,2,4
LZIB_STEFANIK_Tower_118_3MHz_20210503_204845_0001,LZIB,1,10,0,3,5
LZIB_STEFANIK_Tower_118_3MHz_20210504_120242_0000,LZIB,1,14,2,1,3
LZIB_STEFANIK_Tower_118_3MHz_20210504_205033_0000,LZIB,1,8,3,4,4
LZIB_STEFANIK_Tower_118_3MHz_20210504_205033_0001,LZIB,1,19,0,4,5
LZIB_STEFANIK_Tower_118_3MHz_20210504_205033_0002,LZIB,1,15,5,5,7
LZIB_STEFANIK_Tower_118_3MHz_20210505_073328_0000,LZIB,4,25,2,4,9
LZIB_STEFANIK_Tower_118_3MHz_20210505_073328_0001,LZIB,4,11,2,2,8
LZIB_STEFANIK_Tower_118_3MHz_20210505_093242_0000,LZIB,2,18,7,9,18
LZIB_STEFANIK_Tower_118_3MHz_20210505_120635_0000,LZIB,3,15,1,1,11
LZIB_STEFANIK_Tower_118_3MHz_20210505_120635_0001,LZIB,3,16,5,5,10
LZIB_STEFANIK_Tower_118_3MHz_20210505_121412_0000,LZIB,0,14,2,2,3
LZIB_STEFANIK_Tower_118_3MHz_20210505_145115_0000,LZIB,0,10,1,1,3
LZIB_STEFANIK_Tower_118_3MHz_20210505_145115_0001,LZIB,0,9,3,4,7
LZIB_STEFANIK_Tower_118_3MHz_20210505_173822_0000,LZIB,4,12,1,1,2
LZIB_STEFANIK_Tower_118_3MHz_20210505_173822_0001,LZIB,4,13,0,0,1
LZIB_STEFANIK_Tower_118_3MHz_20210505_224858_0000,LZIB,4,12,4,4,2
LZIB_STEFANIK_Tower_118_3MHz_20210505_225241_0000,LZIB,0,11,1,1,6
YSSY_SYDNEY_Tower_120_5MHz_20210427_042838_0000,YSSY,3,11,1,2,4
YSSY_SYDNEY_Tower_120_5MHz_20210427_063034_0000,YSSY,2,7,5,5,6
YSSY_SYDNEY_Tower_120_5MHz_20210427_063034_0001,YSSY,2,9,3,6,7
YSSY_SYDNEY_Tower_120_5MHz_20210427_090118_0000,YSSY,4,13,2,3,3
YSSY_SYDNEY_Tower_120_5MHz_20210427_202441_0000,YSSY,1,9,3,3,5
YSSY_SYDNEY_Tower_120_5MHz_20210427_202441_0001,YSSY,1,9,2,3,3
YSSY_SYDNEY_Tower_120_5MHz_20210428_013626_0000,YSSY,3,7,1,3,6
YSSY_SYDNEY_Tower_120_5MHz_20210428_013626_0001,YSSY,3,6,0,7,3
YSSY_SYDNEY_Tower_120_5MHz_20210428_020602_0000,YSSY,4,8,2,8,8
YSSY_SYDNEY_Tower_120_5MHz_20210428_020602_0001,YSSY,4,9,0,5,5
YSSY_SYDNEY_Tower_120_5MHz_20210429_013422_0000,YSSY,3,9,0,2,3
YSSY_SYDNEY_Tower_120_5MHz_20210429_013422_0001,YSSY,3,6,4,4,4
YSSY_SYDNEY_Tower_120_5MHz_20210430_044251_0000,YSSY,2,7,0,4,5
YSSY_SYDNEY_Tower_120_5MHz_20210430_044251_0001,YSSY,2,9,1,4,5
YSSY_SYDNEY_Tower_120_5MHz_20210430_215820_0000,YSSY,3,35,19,19,18
YSSY_SYDNEY_Tower_120_5MHz_20210430_215820_0001,YSSY,3,5,3,2,2
YSSY_SYDNEY_Tower_120_5MHz_20210430_224017_0000,YSSY,4,8,0,2,2
YSSY_SYDNEY_Tower_120_5MHz_20210430_224017_0001,YSSY,4,8,1,3,2
YSSY_SYDNEY_Tower_120_5MHz_20210501_014446_0000,YSSY,0,16,6,8,15
YSSY_SYDNEY_Tower_120_5MHz_20210501_014446_0001,YSSY,0,12,2,6,8
YSSY_SYDNEY_Tower_120_5MHz_20210501_084307_0000,YSSY,1,12,5,5,7
YSSY_SYDNEY_Tower_120_5MHz_20210501_090436_0000,YSSY,2,12,3,5,3
YSSY_SYDNEY_Tower_120_5MHz_20210501_200237_0000,YSSY,0,14,6,6,6
YSSY_SYDNEY_Tower_120_5MHz_20210502_004327_0000,YSSY,4,7,0,4,4
YSSY_SYDNEY_Tower_120_5MHz_20210502_004327_0001,YSSY,4,7,1,5,4
YSSY_SYDNEY_Tower_120_5MHz_20210502_012007_0000,YSSY,1,20,3,9,9
YSSY_SYDNEY_Tower_120_5MHz_20210502_012016_0000,YSSY,1,9,4,4,4
YSSY_SYDNEY_Tower_120_5MHz_20210502_012016_0001,YSSY,1,9,2,4,5
YSSY_SYDNEY_Tower_120_5MHz_20210502_012942_0000,YSSY,4,5,4,5,3
YSSY_SYDNEY_Tower_120_5MHz_20210502_012942_0001,YSSY,4,6,2,3,10
YSSY_SYDNEY_Tower_120_5MHz_20210502_024039_0000,YSSY,3,7,1,4,4
YSSY_SYDNEY_Tower_120_5MHz_20210502_024039_0001,YSSY,3,6,1,4,4
YSSY_SYDNEY_Tower_120_5MHz_20210502_034700_0000,YSSY,0,6,2,5,7
YSSY_SYDNEY_Tower_120_5MHz_20210502_034700_0001,YSSY,0,7,1,7,7
YSSY_SYDNEY_Tower_120_5MHz_20210502_040816_0000,YSSY,4,6,0,2,3
YSSY_SYDNEY_Tower_120_5MHz_20210502_040816_0001,YSSY,4,8,0,6,5
YSSY_SYDNEY_Tower_120_5MHz_20210502_041017_0000,YSSY,4,11,2,6,7
YSSY_SYDNEY_Tower_120_5MHz_20210502_041102_0000,YSSY,4,6,2,3,7
YSSY_SYDNEY_Tower_120_5MHz_20210502_041102_0001,YSSY,4,6,0,5,5
YSSY_SYDNEY_Tower_120_5MHz_20210502_043414_0000,YSSY,3,8,2,7,8
YSSY_SYDNEY_Tower_120_5MHz_20210502_043414_0001,YSSY,3,6,3,9,6
YSSY_SYDNEY_Tower_120_5MHz_20210502_055020_0000,YSSY,4,13,3,10,6
YSSY_SYDNEY_Tower_120_5MHz_20210502_062227_0000,YSSY,4,11,2,3,9
YSSY_SYDNEY_Tower_120_5MHz_20210502_062227_0001,YSSY,4,11,2,6,10
YSSY_SYDNEY_Tower_120_5MHz_20210502_063423_0000,YSSY,4,11,1,4,3
YSSY_SYDNEY_Tower_120_5MHz_20210502_074234_0000,YSSY,1,15,7,2,9
YSSY_SYDNEY_Tower_120_5MHz_20210502_080227_0000,YSSY,2,14,4,6,10
YSSY_SYDNEY_Tower_120_5MHz_20210502_083521_0000,YSSY,1,9,1,3,4
YSSY_SYDNEY_Tower_120_5MHz_20210502_083521_0001,YSSY,1,9,2,4,3
YSSY_SYDNEY_Tower_120_5MHz_20210502_114326_0000,YSSY,3,13,0,4,13
YSSY_SYDNEY_Tower_120_5MHz_20210502_211431_0000,YSSY,1,6,0,1,3
YSSY_SYDNEY_Tower_120_5MHz_20210502_211431_0001,YSSY,1,6,1,2,3
YSSY_SYDNEY_Tower_120_5MHz_20210502_211912_0000,YSSY,3,5,0,1,7
YSSY_SYDNEY_Tower_120_5MHz_20210502_211912_0001,YSSY,3,3,2,3,4
YSSY_SYDNEY_Tower_120_5MHz_20210502_235050_0000,YSSY,3,8,2,2,2
YSSY_SYDNEY_Tower_120_5MHz_20210502_235050_0001,YSSY,3,20,2,4,4
YSSY_SYDNEY_Tower_120_5MHz_20210503_005135_0000,YSSY,3,13,3,4,6
YSSY_SYDNEY_Tower_120_5MHz_20210503_055244_0000,YSSY,0,11,1,4,5
YSSY_SYDNEY_Tower_120_5MHz_20210503_073426_0000,YSSY,1,13,1,7,9
YSSY_SYDNEY_Tower_120_5MHz_20210503_075331_0000,YSSY,0,7,0,7,4
YSSY_SYDNEY_Tower_120_5MHz_20210503_075331_0001,YSSY,0,7,0,8,5
YSSY_SYDNEY_Tower_120_5MHz_20210503_075426_0000,YSSY,1,14,4,5,6
YSSY_SYDNEY_Tower_120_5MHz_20210503_080253_0000,YSSY,0,9,0,3,4
YSSY_SYDNEY_Tower_120_5MHz_20210503_080253_0001,YSSY,0,8,1,10,12
YSSY_SYDNEY_Tower_120_5MHz_20210503_083640_0000,YSSY,3,8,0,8,7
YSSY_SYDNEY_Tower_120_5MHz_20210503_083640_0001,YSSY,3,6,5,5,7
YSSY_SYDNEY_Tower_120_5MHz_20210503_083640_0002,YSSY,3,11,2,2,5
YSSY_SYDNEY_Tower_120_5MHz_20210503_084834_0000,YSSY,1,16,3,4,4
YSSY_SYDNEY_Tower_120_5MHz_20210503_121431_0000,YSSY,1,12,1,4,11
YSSY_SYDNEY_Tower_120_5MHz_20210503_122443_0000,YSSY,0,12,1,5,10
YSSY_SYDNEY_Tower_120_5MHz_20210503_201130_0000,YSSY,0,11,0,1,4
YSSY_SYDNEY_Tower_120_5MHz_20210503_211113_0000,YSSY,1,11,2,4,8
YSSY_SYDNEY_Tower_120_5MHz_20210503_223154_0000,YSSY,2,14,1,4,2
YSSY_SYDNEY_Tower_120_5MHz_20210503_223154_0001,YSSY,2,10,0,2,6
YSSY_SYDNEY_Tower_120_5MHz_20210504_002640_0000,YSSY,0,18,0,5,7
YSSY_SYDNEY_Tower_120_5MHz_20210504_002640_0001,YSSY,0,10,3,1,7
YSSY_SYDNEY_Tower_120_5MHz_20210504_004629_0000,YSSY,1,11,2,2,5
YSSY_SYDNEY_Tower_120_5MHz_20210504_011805_0000,YSSY,4,11,1,1,4
YSSY_SYDNEY_Tower_120_5MHz_20210504_041006_0000,YSSY,1,12,1,4,5
YSSY_SYDNEY_Tower_120_5MHz_20210504_044333_0000,YSSY,3,10,1,5,2
YSSY_SYDNEY_Tower_120_5MHz_20210504_065016_0000,YSSY,2,13,1,3,4
YSSY_SYDNEY_Tower_120_5MHz_20210504_065016_0001,YSSY,2,10,2,5,6
YSSY_SYDNEY_Tower_120_5MHz_20210504_065130_0000,YSSY,0,12,0,2,3
YSSY_SYDNEY_Tower_120_5MHz_20210504_071422_0000,YSSY,0,11,0,2,6
YSSY_SYDNEY_Tower_120_5MHz_20210504_090653_0000,YSSY,4,12,1,2,9
YSSY_SYDNEY_Tower_120_5MHz_20210504_093243_0000,YSSY,3,11,2,3,4
YSSY_SYDNEY_Tower_120_5MHz_20210504_213748_0000,YSSY,0,18,2,7,12
YSSY_SYDNEY_Tower_120_5MHz_20210504_213748_0001,YSSY,0,12,1,1,3
YSSY_SYDNEY_Tower_120_5MHz_20210504_232546_0000,YSSY,1,11,2,2,7
YSSY_SYDNEY_Tower_120_5MHz_20210505_041424_0000,YSSY,0,11,1,1,4
YSSY_SYDNEY_Tower_120_5MHz_20210505_054947_0000,YSSY,4,14,1,3,7
YSSY_SYDNEY_Tower_120_5MHz_20210505_054947_0001,YSSY,4,8,1,9,10
YSSY_SYDNEY_Tower_120_5MHz_20210505_113531_0000,YSSY,3,11,1,2,4
YSSY_SYDNEY_Tower_120_5MHz_20210505_121757_0000,YSSY,3,11,3,3,4
YSSY_SYDNEY_Tower_120_5MHz_20210505_124859_0000,YSSY,1,13,3,3,8
YSSY_SYDNEY_Tower_120_5MHz_20210505_203052_0000,YSSY,4,12,3,4,5
YSSY_SYDNEY_Tower_120_5MHz_20210505_203701_0000,YSSY,0,11,1,3,4
YSSY_SYDNEY_Tower_120_5MHz_20210505_204538_0000,YSSY,0,16,3,5,6
YSSY_SYDNEY_Tower_120_5MHz_20210505_214612_0000,YSSY,3,13,3,3,9
YSSY_SYDNEY_Tower_120_5MHz_20210505_224723_0000,YSSY,3,11,1,4,7
YSSY_SYDNEY_Tower_120_5MHz_20210505_233332_0000,YSSY,2,17,6,6,7
YSSY_SYDNEY_Tower_120_5MHz_20210505_234913_0000,YSSY,2,11,2,3,4
