clip,recording,airport,split
LZIB_STEFANIK_Tower_118_3MHz_20210430_151209_0002,LZIB_STEFANIK_Tower_118_3MHz_20210430_151209,LZIB,train
LSGS_SION_Ground_Control_121_7MHz_20210504_095148_0000,LSGS_SION_Ground_Control_121_7MHz_20210504_095148,LSGS,train
LSGS_SION_Ground_Control_121_7MHz_20210503_153923_0000,LSGS_SION_Ground_Control_121_7MHz_20210503_153923,LSGS,train
LSGS_SION_Ground_Control_121_7MHz_20210503_150135_0003,LSGS_SION_Ground_Control_121_7MHz_20210503_150135,LSGS,train
YSSY_SYDNEY_Tower_120_5MHz_20210501_084307_0000,YSSY_SYDNEY_Tower_120_5MHz_20210501_084307,YSSY,train
YSSY_SYDNEY_Tower_120_5MHz_20210505_204538_0000,YSSY_SYDNEY_Tower_120_5MHz_20210505_204538,YSSY,train
LKPR_RUZYNE_Radar_120_520MHz_20201026_161349_0003,LKPR_RUZYNE_Radar_120_520MHz_20201026_161349,LKPR,train
LSGS_SION_Ground_Control_121_7MHz_20210502_062628_0001,LSGS_SION_Ground_Control_121_7MHz_20210502_062628,LSGS,train
LSZB_BERN_Approach_127_3MHz_20210413_160609_0000,LSZB_BERN_Approach_127_3MHz_20210413_160609,LSZB,train
LSGS_SION_Ground_Control_121_7MHz_20210505_155803_0001,LSGS_SION_Ground_Control_121_7MHz_20210505_155803,LSGS,train
LSZB_BERN_Tower_121_0MHz_20210413_144903_0000,LSZB_BERN_Tower_121_0MHz_20210413_144903,LSZB,train
YSSY_SYDNEY_Tower_120_5MHz_20210502_083521_0001,YSSY_SYDNEY_Tower_120_5MHz_20210502_083521,YSSY,train
LSGS_SION_Ground_Control_121_7MHz_20210503_081644_0000,LSGS_SION_Ground_Control_121_7MHz_20210503_081644,LSGS,train
YSSY_SYDNEY_Tower_120_5MHz_20210427_202441_0001,YSSY_SYDNEY_Tower_120_5MHz_20210427_202441,YSSY,train
LSZB_BERN_Tower_121_0MHz_20210415_140747_0001,LSZB_BERN_Tower_121_0MHz_20210415_140747,LSZB,train
LSZB_BERN_Tower_121_0MHz_20210420_090730_0001,LSZB_BERN_Tower_121_0MHz_20210420_090730,LSZB,train
YSSY_SYDNEY_Tower_120_5MHz_20210504_002640_0000,YSSY_SYDNEY_Tower_120_5MHz_20210504_002640,YSSY,train
YSSY_SYDNEY_Tower_120_5MHz_20210502_080227_0000,YSSY_SYDNEY_Tower_120_5MHz_20210502_080227,YSSY,train
LSZB_BERN_Tower_121_0MHz_20210413_133435_0000,LSZB_BERN_Tower_121_0MHz_20210413_133435,LSZB,train
LSZH_ZURICH_Tower_118_1MHz_20210412_163754_0000,LSZH_ZURICH_Tower_118_1MHz_20210412_163754,LSZH,train
LSGS_SION_Ground_Control_121_7MHz_20210502_070235_0000,LSGS_SION_Ground_Control_121_7MHz_20210502_070235,LSGS,train
LSZH_ZURICH_Tower_118_1MHz_20210414_085908_0000,LSZH_ZURICH_Tower_118_1MHz_20210414_085908,LSZH,train
LKPR_RUZYNE_Radar_120_520MHz_20201026_130708_0001,LKPR_RUZYNE_Radar_120_520MHz_20201026_130708,LKPR,train
LSZB_BERN_Tower_121_0MHz_20210420_090730_0000,LSZB_BERN_Tower_121_0MHz_20210420_090730,LSZB,train
LSGS_SION_Ground_Control_121_7MHz_20210505_143351_0001,LSGS_SION_Ground_Control_121_7MHz_20210505_143351,LSGS,train
LZIB_STEFANIK_Tower_118_3MHz_20210424_151420_0001,LZIB_STEFANIK_Tower_118_3MHz_20210424_151420,LZIB,train
LSGS_SION_Ground_Control_121_7MHz_20210502_152026_0000,LSGS_SION_Ground_Control_121_7MHz_20210502_152026,LSGS,train
LSZH_ZURICH_Tower_118_1MHz_20210414_153211_0000,LSZH_ZURICH_Tower_118_1MHz_20210414_153211,LSZH,train
LSZH_ZURICH_Tower_118_1MHz_20210414_112229_0000,LSZH_ZURICH_Tower_118_1MHz_20210414_112229,LSZH,train
LSGS_SION_Tower_118_3MHz_20210415_103408_0000,LSGS_SION_Tower_118_3MHz_20210415_103408,LSGS,train
LSGS_SION_Tower_118_3MHz_20210502_065945_0000,LSGS_SION_Tower_118_3MHz_20210502_065945,LSGS,train
YSSY_SYDNEY_Tower_120_5MHz_20210505_214612_0000,YSSY_SYDNEY_Tower_120_5MHz_20210505_214612,YSSY,train
LZIB_STEFANIK_Tower_118_3MHz_20210427_143155_0001,LZIB_STEFANIK_Tower_118_3MHz_20210427_143155,LZIB,train
LKPR_RUZYNE_Tower_134_560MHz_20201026_160035_0000,LKPR_RUZYNE_Tower_134_560MHz_20201026_160035,LKPR,train
LSGS_SION_Ground_Control_121_7MHz_20210502_070235_0001,LSGS_SION_Ground_Control_121_7MHz_20210502_070235,LSGS,train
LSGS_SION_Ground_Control_121_7MHz_20210503_143715_0000,LSGS_SION_Ground_Control_121_7MHz_20210503_143715,LSGS,train
LKTB_BRNO_Approach-Radar_127_350MHz_20201027_095221_0000,LKTB_BRNO_Approach-Radar_127_350MHz_20201027_095221,LKTB,train
LSGS_SION_Ground_Control_121_7MHz_20210503_151517_0001,LSGS_SION_Ground_Control_121_7MHz_20210503_151517,LSGS,train
LSZH_ZURICH_Tower_118_1MHz_20210412_191440_0000,LSZH_ZURICH_Tower_118_1MHz_20210412_191440,LSZH,train
LSZB_BERN_Tower_121_0MHz_20210414_162817_0000,LSZB_BERN_Tower_121_0MHz_20210414_162817,LSZB,train
LSZB_BERN_Approach_127_3MHz_20210413_112637_0000,LSZB_BERN_Approach_127_3MHz_20210413_112637,LSZB,train
LKPR_RUZYNE_Tower_134_560MHz_20201029_205008_0001,LKPR_RUZYNE_Tower_134_560MHz_20201029_205008,LKPR,train
LKPR_RUZYNE_Radar_120_520MHz_20201026_144339_0001,LKPR_RUZYNE_Radar_120_520MHz_20201026_144339,LKPR,train
LKPR_RUZYNE_Radar_120_520MHz_20201028_092412_0001,LKPR_RUZYNE_Radar_120_520MHz_20201028_092412,LKPR,train
LSZB_BERN_Tower_121_0MHz_20210419_092415_0001,LSZB_BERN_Tower_121_0MHz_20210419_092415,LSZB,train
YSSY_SYDNEY_Tower_120_5MHz_20210504_090653_0000,YSSY_SYDNEY_Tower_120_5MHz_20210504_090653,YSSY,train
LSZB_BERN_Tower_121_0MHz_20210423_091530_0001,LSZB_BERN_Tower_121_0MHz_20210423_091530,LSZB,train
LSGS_SION_Ground_Control_121_7MHz_20210502_164218_0001,LSGS_SION_Ground_Control_121_7MHz_20210502_164218,LSGS,train
LSGS_SION_Ground_Control_121_7MHz_20210504_063202_0000,LSGS_SION_Ground_Control_121_7MHz_20210504_063202,LSGS,train
LSZH_ZURICH_ApronS_121_75MHz_20210414_181316_0000,LSZH_ZURICH_ApronS_121_75MHz_20210414_181316,LSZH,train
LZIB_STEFANIK_Tower_118_3MHz_20210505_173822_0001,LZIB_STEFANIK_Tower_118_3MHz_20210505_173822,LZIB,train
YSSY_SYDNEY_Tower_120_5MHz_20210504_213748_0001,YSSY_SYDNEY_Tower_120_5MHz_20210504_213748,YSSY,train
LSGS_SION_Tower_118_3MHz_20210503_152021_0001,LSGS_SION_Tower_118_3MHz_20210503_152021,LSGS,train
LZIB_STEFANIK_Tower_118_3MHz_20210424_151420_0002,LZIB_STEFANIK_Tower_118_3MHz_20210424_151420,LZIB,train
LSGS_SION_Ground_Control_121_7MHz_20210502_060829_0001,LSGS_SION_Ground_Control_121_7MHz_20210502_060829,LSGS,train
LSZH_ZURICH_Tower_118_1MHz_20210424_092648_0000,LSZH_ZURICH_Tower_118_1MHz_20210424_092648,LSZH,train
LZIB_STEFANIK_Tower_118_3MHz_20210503_203710_0000,LZIB_STEFANIK_Tower_118_3MHz_20210503_203710,LZIB,train
LSZH_ZURICH_Tower_118_1MHz_20210422_110047_0000,LSZH_ZURICH_Tower_118_1MHz_20210422_110047,LSZH,train
LSZB_BERN_Tower_121_0MHz_20210421_162453_0000,LSZB_BERN_Tower_121_0MHz_20210421_162453,LSZB,train
LSGS_SION_Tower_118_3MHz_20210505_132607_0000,LSGS_SION_Tower_118_3MHz_20210505_132607,LSGS,train
LSGS_SION_Ground_Control_121_7MHz_20210502_065945_0000,LSGS_SION_Ground_Control_121_7MHz_20210502_065945,LSGS,train
LSGS_SION_Ground_Control_121_7MHz_20210502_071049_0000,LSGS_SION_Ground_Control_121_7MHz_20210502_071049,LSGS,train
LSGS_SION_Tower_118_3MHz_20210502_113933_0000,LSGS_SION_Tower_118_3MHz_20210502_113933,LSGS,train
LSGS_SION_Ground_Control_121_7MHz_20210503_152011_0000,LSGS_SION_Ground_Control_121_7MHz_20210503_152011,LSGS,train
LKPR_RUZYNE_Radar_120_520MHz_20201026_161349_0000,LKPR_RUZYNE_Radar_120_520MHz_20201026_161349,LKPR,train
LKPR_RUZYNE_Radar_120_520MHz_20201027_125731_0003,LKPR_RUZYNE_Radar_120_520MHz_20201027_125731,LKPR,train
LSGS_SION_Tower_118_3MHz_20210423_083403_0000,LSGS_SION_Tower_118_3MHz_20210423_083403,LSGS,train
LSZB_BERN_Tower_121_0MHz_20210424_130512_0000,LSZB_BERN_Tower_121_0MHz_20210424_130512,LSZB,train
LSZB_BERN_Approach_127_3MHz_20210416_072155_0000,LSZB_BERN_Approach_127_3MHz_20210416_072155,LSZB,train
LSGS_SION_Tower_118_3MHz_20210503_152021_0000,LSGS_SION_Tower_118_3MHz_20210503_152021,LSGS,train
LSGS_SION_Ground_Control_121_7MHz_20210423_142801_0000,LSGS_SION_Ground_Control_121_7MHz_20210423_142801,LSGS,train
LZIB_STEFANIK_Approach_120_9MHz_20210428_092625_0001,LZIB_STEFANIK_Approach_120_9MHz_20210428_092625,LZIB,train
LSGS_SION_Ground_Control_121_7MHz_20210502_164322_0000,LSGS_SION_Ground_Control_121_7MHz_20210502_164322,LSGS,train
LZIB_STEFANIK_Tower_118_3MHz_20210430_000651_0000,LZIB_STEFANIK_Tower_118_3MHz_20210430_000651,LZIB,train
LZIB_STEFANIK_Tower_118_3MHz_20210426_203652_0000,LZIB_STEFANIK_Tower_118_3MHz_20210426_203652,LZIB,train
LSGS_SION_Ground_Control_121_7MHz_20210504_152004_0002,LSGS_SION_Ground_Control_121_7MHz_20210504_152004,LSGS,train
LSGS_SION_Ground_Control_121_7MHz_20210503_142013_0001,LSGS_SION_Ground_Control_121_7MHz_20210503_142013,LSGS,train
LSGS_SION_Tower_118_3MHz_20210505_133612_0000,LSGS_SION_Tower_118_3MHz_20210505_133612,LSGS,train
YSSY_SYDNEY_Tower_120_5MHz_20210502_012942_0000,YSSY_SYDNEY_Tower_120_5MHz_20210502_012942,YSSY,train
LZIB_STEFANIK_Tower_118_3MHz_20210427_143012_0001,LZIB_STEFANIK_Tower_118_3MHz_20210427_143012,LZIB,train
LKPR_RUZYNE_Radar_120_520MHz_20201026_145941_0001,LKPR_RUZYNE_Radar_120_520MHz_20201026_145941,LKPR,train
LSZH_ZURICH_Tower_118_1MHz_20210412_161248_0001,LSZH_ZURICH_Tower_118_1MHz_20210412_161248,LSZH,train
YSSY_SYDNEY_Tower_120_5MHz_20210502_012016_0000,YSSY_SYDNEY_Tower_120_5MHz_20210502_012016,YSSY,train
LSZH_ZURICH_Ground_121_905MHz_20210414_041339_0001,LSZH_ZURICH_Ground_121_905MHz_20210414_041339,LSZH,train
LSZH_ZURICH_ApronS_121_75MHz_20210414_144341_0000,LSZH_ZURICH_ApronS_121_75MHz_20210414_144341,LSZH,train
LSGS_SION_Ground_Control_121_7MHz_20210503_144924_0000,LSGS_SION_Ground_Control_121_7MHz_20210503_144924,LSGS,train
LSGS_SION_Ground_Control_121_7MHz_20210422_083102_0001,LSGS_SION_Ground_Control_121_7MHz_20210422_083102,LSGS,train
YSSY_SYDNEY_Tower_120_5MHz_20210429_013422_0000,YSSY_SYDNEY_Tower_120_5MHz_20210429_013422,YSSY,train
LKPR_RUZYNE_Tower_134_560MHz_20201025_144043_0002,LKPR_RUZYNE_Tower_134_560MHz_20201025_144043,LKPR,train
LSGS_SION_Ground_Control_121_7MHz_20210503_082408_0000,LSGS_SION_Ground_Control_121_7MHz_20210503_082408,LSGS,train
LSZH_ZURICH_ApronS_121_75MHz_20210414_080433_0000,LSZH_ZURICH_ApronS_121_75MHz_20210414_080433,LSZH,train
LSGS_SION_Ground_Control_121_7MHz_20210504_125034_0000,LSGS_SION_Ground_Control_121_7MHz_20210504_125034,LSGS,train
LZIB_STEFANIK_Tower_118_3MHz_20210430_104342_0000,LZIB_STEFANIK_Tower_118_3MHz_20210430_104342,LZIB,train
LSZH_ZURICH_Tower_118_1MHz_20210424_081042_0000,LSZH_ZURICH_Tower_118_1MHz_20210424_081042,LSZH,train
LSZB_BERN_Tower_121_0MHz_20210414_072026_0000,LSZB_BERN_Tower_121_0MHz_20210414_072026,LSZB,train
LKTB_BRNO_Tower_119_605MHz_20201029_060626_0000,LKTB_BRNO_Tower_119_605MHz_20201029_060626,LKTB,train
LSGS_SION_Ground_Control_121_7MHz_20210504_125034_0001,LSGS_SION_Ground_Control_121_7MHz_20210504_125034,LSGS,train
LSZH_ZURICH_ApronS_121_75MHz_20210414_160339_0000,LSZH_ZURICH_ApronS_121_75MHz_20210414_160339,LSZH,train
LSGS_SION_Ground_Control_121_7MHz_20210503_130604_0001,LSGS_SION_Ground_Control_121_7MHz_20210503_130604,LSGS,train
LSZB_BERN_Tower_121_0MHz_20210424_132821_0000,LSZB_BERN_Tower_121_0MHz_20210424_132821,LSZB,train
LSZH_ZURICH_Tower_118_1MHz_20210412_150237_0001,LSZH_ZURICH_Tower_118_1MHz_20210412_150237,LSZH,train
LSGS_SION_Ground_Control_121_7MHz_20210503_161854_0000,LSGS_SION_Ground_Control_121_7MHz_20210503_161854,LSGS,train
LSZB_BERN_Tower_121_0MHz_20210415_122910_0000,LSZB_BERN_Tower_121_0MHz_20210415_122910,LSZB,train
LSZB_BERN_Tower_121_0MHz_20210415_122910_0001,LSZB_BERN_Tower_121_0MHz_20210415_122910,LSZB,train
LSZH_ZURICH_Ground_121_905MHz_20210414_041339_0000,LSZH_ZURICH_Ground_121_905MHz_20210414_041339,LSZH,train
LSZB_BERN_Tower_121_0MHz_20210421_094113_0000,LSZB_BERN_Tower_121_0MHz_20210421_094113,LSZB,train
LZIB_STEFANIK_Tower_118_3MHz_20210427_162200_0001,LZIB_STEFANIK_Tower_118_3MHz_20210427_162200,LZIB,train
LZIB_STEFANIK_Tower_118_3MHz_20210429_202823_0000,LZIB_STEFANIK_Tower_118_3MHz_20210429_202823,LZIB,train
LZIB_STEFANIK_Tower_118_3MHz_20210503_131815_0002,LZIB_STEFANIK_Tower_118_3MHz_20210503_131815,LZIB,train
YSSY_SYDNEY_Tower_120_5MHz_20210502_041102_0001,YSSY_SYDNEY_Tower_120_5MHz_20210502_041102,YSSY,train
LSZH_ZURICH_Tower_118_1MHz_20210414_080802_0000,LSZH_ZURICH_Tower_118_1MHz_20210414_080802,LSZH,train
LSZB_BERN_Approach_127_3MHz_20210415_095230_0000,LSZB_BERN_Approach_127_3MHz_20210415_095230,LSZB,train
LZIB_STEFANIK_Tower_118_3MHz_20210425_122209_0002,LZIB_STEFANIK_Tower_118_3MHz_20210425_122209,LZIB,train
YSSY_SYDNEY_Tower_120_5MHz_20210502_074234_0000,YSSY_SYDNEY_Tower_120_5MHz_20210502_074234,YSSY,train
LSGS_SION_Ground_Control_121_7MHz_20210422_155828_0001,LSGS_SION_Ground_Control_121_7MHz_20210422_155828,LSGS,train
LSZB_BERN_Approach_127_3MHz_20210414_182516_0000,LSZB_BERN_Approach_127_3MHz_20210414_182516,LSZB,train
LSZH_ZURICH_Tower_118_1MHz_20210414_071700_0000,LSZH_ZURICH_Tower_118_1MHz_20210414_071700,LSZH,train
LSZH_ZURICH_Tower_118_1MHz_20210414_135448_0000,LSZH_ZURICH_Tower_118_1MHz_20210414_135448,LSZH,train
LSGS_SION_Tower_118_3MHz_20210420_153053_0000,LSGS_SION_Tower_118_3MHz_20210420_153053,LSGS,train
LSGS_SION_Ground_Control_121_7MHz_20210502_065622_0000,LSGS_SION_Ground_Control_121_7MHz_20210502_065622,LSGS,train
YSSY_SYDNEY_Tower_120_5MHz_20210430_044251_0001,YSSY_SYDNEY_Tower_120_5MHz_20210430_044251,YSSY,train
LSZH_ZURICH_Tower_118_1MHz_20210414_153107_0000,LSZH_ZURICH_Tower_118_1MHz_20210414_153107,LSZH,train
LZIB_STEFANIK_Approach_120_9MHz_20210426_203133_0000,LZIB_STEFANIK_Approach_120_9MHz_20210426_203133,LZIB,train
LSZH_ZURICH_Tower_118_1MHz_20210414_112740_0001,LSZH_ZURICH_Tower_118_1MHz_20210414_112740,LSZH,train
LSZB_BERN_Tower_121_0MHz_20210414_073805_0000,LSZB_BERN_Tower_121_0MHz_20210414_073805,LSZB,train
LSZB_BERN_Approach_127_3MHz_20210418_083338_0002,LSZB_BERN_Approach_127_3MHz_20210418_083338,LSZB,train
LSZB_BERN_Tower_121_0MHz_20210413_141321_0000,LSZB_BERN_Tower_121_0MHz_20210413_141321,LSZB,train
LSZH_ZURICH_ApronS_121_75MHz_20210414_170759_0000,LSZH_ZURICH_ApronS_121_75MHz_20210414_170759,LSZH,train
LSZH_ZURICH_Tower_118_1MHz_20210414_180614_0000,LSZH_ZURICH_Tower_118_1MHz_20210414_180614,LSZH,train
LKPR_RUZYNE_Radar_120_520MHz_20201028_095055_0000,LKPR_RUZYNE_Radar_120_520MHz_20201028_095055,LKPR,train
LSGS_SION_Ground_Control_121_7MHz_20210503_161046_0001,LSGS_SION_Ground_Control_121_7MHz_20210503_161046,LSGS,train
LSZH_ZURICH_Tower_118_1MHz_20210413_053020_0000,LSZH_ZURICH_Tower_118_1MHz_20210413_053020,LSZH,train
LZIB_STEFANIK_Tower_118_3MHz_20210430_181207_0000,LZIB_STEFANIK_Tower_118_3MHz_20210430_181207,LZIB,train
LSZB_BERN_Approach_127_3MHz_20210416_090122_0002,LSZB_BERN_Approach_127_3MHz_20210416_090122,LSZB,train
YSSY_SYDNEY_Tower_120_5MHz_20210504_041006_0000,YSSY_SYDNEY_Tower_120_5MHz_20210504_041006,YSSY,train
LSZB_BERN_Tower_121_0MHz_20210413_132952_0001,LSZB_BERN_Tower_121_0MHz_20210413_132952,LSZB,train
LKPR_RUZYNE_Radar_120_520MHz_20201027_121714_0000,LKPR_RUZYNE_Radar_120_520MHz_20201027_121714,LKPR,train
LSGS_SION_Ground_Control_121_7MHz_20210503_162417_0001,LSGS_SION_Ground_Control_121_7MHz_20210503_162417,LSGS,train
LSGS_SION_Tower_118_3MHz_20210504_061821_0001,LSGS_SION_Tower_118_3MHz_20210504_061821,LSGS,train
YSSY_SYDNEY_Tower_120_5MHz_20210502_211912_0000,YSSY_SYDNEY_Tower_120_5MHz_20210502_211912,YSSY,train
LZIB_STEFANIK_Tower_118_3MHz_20210505_120635_0000,LZIB_STEFANIK_Tower_118_3MHz_20210505_120635,LZIB,train
LSZB_BERN_Tower_121_0MHz_20210424_075638_0000,LSZB_BERN_Tower_121_0MHz_20210424_075638,LSZB,train
LZIB_STEFANIK_Tower_118_3MHz_20210430_155946_0000,LZIB_STEFANIK_Tower_118_3MHz_20210430_155946,LZIB,train
LSZH_ZURICH_Tower_118_1MHz_20210413_080112_0000,LSZH_ZURICH_Tower_118_1MHz_20210413_080112,LSZH,train
LKPR_RUZYNE_Radar_120_520MHz_20201026_144339_0002,LKPR_RUZYNE_Radar_120_520MHz_20201026_144339,LKPR,train
LSZB_BERN_Approach_127_3MHz_20210415_173338_0000,LSZB_BERN_Approach_127_3MHz_20210415_173338,LSZB,train
LSZB_BERN_Approach_127_3MHz_20210421_165346_0002,LSZB_BERN_Approach_127_3MHz_20210421_165346,LSZB,train
LKPR_RUZYNE_Radar_120_520MHz_20201029_051226_0003,LKPR_RUZYNE_Radar_120_520MHz_20201029_051226,LKPR,train
YSSY_SYDNEY_Tower_120_5MHz_20210427_090118_0000,YSSY_SYDNEY_Tower_120_5MHz_20210427_090118,YSSY,train
LSGS_SION_Tower_118_3MHz_20210420_065838_0000,LSGS_SION_Tower_118_3MHz_20210420_065838,LSGS,train
YSSY_SYDNEY_Tower_120_5MHz_20210503_223154_0000,YSSY_SYDNEY_Tower_120_5MHz_20210503_223154,YSSY,train
LZIB_STEFANIK_Tower_118_3MHz_20210430_181535_0000,LZIB_STEFANIK_Tower_118_3MHz_20210430_181535,LZIB,train
LSGS_SION_Ground_Control_121_7MHz_20210502_065831_0001,LSGS_SION_Ground_Control_121_7MHz_20210502_065831,LSGS,train
LKPR_RUZYNE_Radar_120_520MHz_20201025_161808_0001,LKPR_RUZYNE_Radar_120_520MHz_20201025_161808,LKPR,train
LKPR_RUZYNE_Radar_120_520MHz_20201026_105217_0000,LKPR_RUZYNE_Radar_120_520MHz_20201026_105217,LKPR,train
LSZB_BERN_Tower_121_0MHz_20210425_115720_0000,LSZB_BERN_Tower_121_0MHz_20210425_115720,LSZB,train
LSZB_BERN_Approach_127_3MHz_20210416_061750_0000,LSZB_BERN_Approach_127_3MHz_20210416_061750,LSZB,train
LKPR_RUZYNE_Radar_120_520MHz_20201025_174652_0001,LKPR_RUZYNE_Radar_120_520MHz_20201025_174652,LKPR,train
LSZH_ZURICH_Tower_118_1MHz_20210414_092731_0000,LSZH_ZURICH_Tower_118_1MHz_20210414_092731,LSZH,train
LSZB_BERN_Tower_121_0MHz_20210413_110527_0000,LSZB_BERN_Tower_121_0MHz_20210413_110527,LSZB,train
LSGS_SION_Ground_Control_121_7MHz_20210503_161854_0001,LSGS_SION_Ground_Control_121_7MHz_20210503_161854,LSGS,train
LSZH_ZURICH_Tower_118_1MHz_20210414_160105_0001,LSZH_ZURICH_Tower_118_1MHz_20210414_160105,LSZH,train
LKPR_RUZYNE_Radar_120_520MHz_20201029_094626_0000,LKPR_RUZYNE_Radar_120_520MHz_20201029_094626,LKPR,train
LSZB_BERN_Tower_121_0MHz_20210415_134139_0000,LSZB_BERN_Tower_121_0MHz_20210415_134139,LSZB,train
YSSY_SYDNEY_Tower_120_5MHz_20210502_024039_0000,YSSY_SYDNEY_Tower_120_5MHz_20210502_024039,YSSY,train
LSGS_SION_Ground_Control_121_7MHz_20210502_060824_0000,LSGS_SION_Ground_Control_121_7MHz_20210502_060824,LSGS,train
LSGS_SION_Ground_Control_121_7MHz_20210503_152011_0001,LSGS_SION_Ground_Control_121_7MHz_20210503_152011,LSGS,train
LSGS_SION_Ground_Control_121_7MHz_20210504_070027_0000,LSGS_SION_Ground_Control_121_7MHz_20210504_070027,LSGS,train
LSZB_BERN_Tower_121_0MHz_20210413_125843_0000,LSZB_BERN_Tower_121_0MHz_20210413_125843,LSZB,train
LSZH_ZURICH_Tower_118_1MHz_20210414_173215_0000,LSZH_ZURICH_Tower_118_1MHz_20210414_173215,LSZH,train
LSZB_BERN_Approach_127_3MHz_20210415_170152_0000,LSZB_BERN_Approach_127_3MHz_20210415_170152,LSZB,train
LSZB_BERN_Tower_121_0MHz_20210423_060534_0000,LSZB_BERN_Tower_121_0MHz_20210423_060534,LSZB,train
LSZB_BERN_Tower_121_0MHz_20210413_124320_0000,LSZB_BERN_Tower_121_0MHz_20210413_124320,LSZB,train
YSSY_SYDNEY_Tower_120_5MHz_20210430_224017_0001,YSSY_SYDNEY_Tower_120_5MHz_20210430_224017,YSSY,train
YSSY_SYDNEY_Tower_120_5MHz_20210502_012942_0001,YSSY_SYDNEY_Tower_120_5MHz_20210502_012942,YSSY,train
LKTB_BRNO_Approach-Radar_127_350MHz_20201028_135718_0000,LKTB_BRNO_Approach-Radar_127_350MHz_20201028_135718,LKTB,train
LKPR_RUZYNE_Radar_120_520MHz_20201026_161349_0001,LKPR_RUZYNE_Radar_120_520MHz_20201026_161349,LKPR,train
LSGS_SION_Ground_Control_121_7MHz_20210503_164649_0000,LSGS_SION_Ground_Control_121_7MHz_20210503_164649,LSGS,train
LSGS_SION_Ground_Control_121_7MHz_20210504_102805_0000,LSGS_SION_Ground_Control_121_7MHz_20210504_102805,LSGS,train
LSZH_ZURICH_Tower_118_1MHz_20210412_205041_0001,LSZH_ZURICH_Tower_118_1MHz_20210412_205041,LSZH,train
LSZB_BERN_Approach_127_3MHz_20210416_090122_0006,LSZB_BERN_Approach_127_3MHz_20210416_090122,LSZB,train
LSGS_SION_Ground_Control_121_7MHz_20210505_112213_0000,LSGS_SION_Ground_Control_121_7MHz_20210505_112213,LSGS,train
LSZH_ZURICH_ApronS_121_75MHz_20210414_102855_0000,LSZH_ZURICH_ApronS_121_75MHz_20210414_102855,LSZH,train
LSGS_SION_Ground_Control_121_7MHz_20210504_152004_0000,LSGS_SION_Ground_Control_121_7MHz_20210504_152004,LSGS,train
LSGS_SION_Ground_Control_121_7MHz_20210505_132913_0000,LSGS_SION_Ground_Control_121_7MHz_20210505_132913,LSGS,train
YSSY_SYDNEY_Tower_120_5MHz_20210503_083640_0001,YSSY_SYDNEY_Tower_120_5MHz_20210503_083640,YSSY,train
LZIB_STEFANIK_Tower_118_3MHz_20210430_181207_0001,LZIB_STEFANIK_Tower_118_3MHz_20210430_181207,LZIB,train
YSSY_SYDNEY_Tower_120_5MHz_20210503_055244_0000,YSSY_SYDNEY_Tower_120_5MHz_20210503_055244,YSSY,train
LSZH_ZURICH_Tower_118_1MHz_20210414_080622_0001,LSZH_ZURICH_Tower_118_1MHz_20210414_080622,LSZH,train
LSGS_SION_Ground_Control_121_7MHz_20210502_164322_0001,LSGS_SION_Ground_Control_121_7MHz_20210502_164322,LSGS,train
LKPR_RUZYNE_Radar_120_520MHz_20201027_125731_0000,LKPR_RUZYNE_Radar_120_520MHz_20201027_125731,LKPR,train
LSGS_SION_Ground_Control_121_7MHz_20210502_063447_0000,LSGS_SION_Ground_Control_121_7MHz_20210502_063447,LSGS,train
YSSY_SYDNEY_Tower_120_5MHz_20210501_200237_0000,YSSY_SYDNEY_Tower_120_5MHz_20210501_200237,YSSY,train
LSGS_SION_Ground_Control_121_7MHz_20210502_060829_0000,LSGS_SION_Ground_Control_121_7MHz_20210502_060829,LSGS,train
LSGS_SION_Ground_Control_121_7MHz_20210503_161854_0003,LSGS_SION_Ground_Control_121_7MHz_20210503_161854,LSGS,train
LSGS_SION_Ground_Control_121_7MHz_20210503_163635_0000,LSGS_SION_Ground_Control_121_7MHz_20210503_163635,LSGS,train
LSZH_ZURICH_ApronN_121_85MHz_20210414_110350_0000,LSZH_ZURICH_ApronN_121_85MHz_20210414_110350,LSZH,train
LSZH_ZURICH_Tower_118_1MHz_20210414_083710_0000,LSZH_ZURICH_Tower_118_1MHz_20210414_083710,LSZH,train
LSZH_ZURICH_Tower_118_1MHz_20210424_080552_0000,LSZH_ZURICH_Tower_118_1MHz_20210424_080552,LSZH,train
LSZH_ZURICH_Tower_118_1MHz_20210412_160024_0001,LSZH_ZURICH_Tower_118_1MHz_20210412_160024,LSZH,train
LSGS_SION_Ground_Control_121_7MHz_20210503_140302_0001,LSGS_SION_Ground_Control_121_7MHz_20210503_140302,LSGS,train
LSGS_SION_Ground_Control_121_7MHz_20210504_152004_0001,LSGS_SION_Ground_Control_121_7MHz_20210504_152004,LSGS,train
LSZB_BERN_Approach_127_3MHz_20210416_090122_0000,LSZB_BERN_Approach_127_3MHz_20210416_090122,LSZB,train
LKPR_RUZYNE_Radar_120_520MHz_20201028_151125_0000,LKPR_RUZYNE_Radar_120_520MHz_20201028_151125,LKPR,train
LSGS_SION_Ground_Control_121_7MHz_20210504_102003_0000,LSGS_SION_Ground_Control_121_7MHz_20210504_102003,LSGS,train
LSZB_BERN_Tower_121_0MHz_20210413_110527_0001,LSZB_BERN_Tower_121_0MHz_20210413_110527,LSZB,train
LSZB_BERN_Tower_121_0MHz_20210414_092138_0000,LSZB_BERN_Tower_121_0MHz_20210414_092138,LSZB,train
LSGS_SION_Ground_Control_121_7MHz_20210502_065138_0000,LSGS_SION_Ground_Control_121_7MHz_20210502_065138,LSGS,train
LSGS_SION_Ground_Control_121_7MHz_20210502_065407_0000,LSGS_SION_Ground_Control_121_7MHz_20210502_065407,LSGS,train
LKTB_BRNO_Tower_119_605MHz_20201029_110511_0002,LKTB_BRNO_Tower_119_605MHz_20201029_110511,LKTB,train
LSGS_SION_Ground_Control_121_7MHz_20210502_164140_0001,LSGS_SION_Ground_Control_121_7MHz_20210502_164140,LSGS,train
LZIB_STEFANIK_Tower_118_3MHz_20210505_120635_0001,LZIB_STEFANIK_Tower_118_3MHz_20210505_120635,LZIB,train
LSGS_SION_Ground_Control_121_7MHz_20210502_065520_0000,LSGS_SION_Ground_Control_121_7MHz_20210502_065520,LSGS,train
LSZB_BERN_Approach_127_3MHz_20210425_162033_0000,LSZB_BERN_Approach_127_3MHz_20210425_162033,LSZB,train
LSZH_ZURICH_Tower_118_1MHz_20210414_092731_0001,LSZH_ZURICH_Tower_118_1MHz_20210414_092731,LSZH,train
LSZH_ZURICH_Tower_118_1MHz_20210414_064502_0001,LSZH_ZURICH_Tower_118_1MHz_20210414_064502,LSZH,train
LSGS_SION_Ground_Control_121_7MHz_20210503_145810_0001,LSGS_SION_Ground_Control_121_7MHz_20210503_145810,LSGS,train
LSZB_BERN_Approach_127_3MHz_20210414_090744_0000,LSZB_BERN_Approach_127_3MHz_20210414_090744,LSZB,train
LSGS_SION_Ground_Control_121_7MHz_20210422_083102_0000,LSGS_SION_Ground_Control_121_7MHz_20210422_083102,LSGS,train
LSZB_BERN_Approach_127_3MHz_20210414_072005_0000,LSZB_BERN_Approach_127_3MHz_20210414_072005,LSZB,train
LSZH_ZURICH_Tower_118_1MHz_20210414_055559_0000,LSZH_ZURICH_Tower_118_1MHz_20210414_055559,LSZH,train
LKPR_RUZYNE_Radar_120_520MHz_20201025_130407_0000,LKPR_RUZYNE_Radar_120_520MHz_20201025_130407,LKPR,train
LSGS_SION_Ground_Control_121_7MHz_20210502_061623_0000,LSGS_SION_Ground_Control_121_7MHz_20210502_061623,LSGS,train
LSGS_SION_Ground_Control_121_7MHz_20210422_155828_0000,LSGS_SION_Ground_Control_121_7MHz_20210422_155828,LSGS,train
LSZH_ZURICH_Tower_118_1MHz_20210412_151208_0000,LSZH_ZURICH_Tower_118_1MHz_20210412_151208,LSZH,train
LSGS_SION_Ground_Control_121_7MHz_20210503_152953_0000,LSGS_SION_Ground_Control_121_7MHz_20210503_152953,LSGS,train
YSSY_SYDNEY_Tower_120_5MHz_20210502_235050_0000,YSSY_SYDNEY_Tower_120_5MHz_20210502_235050,YSSY,train
LSGS_SION_Ground_Control_121_7MHz_20210502_123002_0001,LSGS_SION_Ground_Control_121_7MHz_20210502_123002,LSGS,train
LSZB_BERN_Approach_127_3MHz_20210416_090122_0003,LSZB_BERN_Approach_127_3MHz_20210416_090122,LSZB,train
LSZH_ZURICH_ApronS_121_75MHz_20210414_160214_0000,LSZH_ZURICH_ApronS_121_75MHz_20210414_160214,LSZH,train
LSGS_SION_Ground_Control_121_7MHz_20210503_071945_0000,LSGS_SION_Ground_Control_121_7MHz_20210503_071945,LSGS,train
LKTB_BRNO_Approach-Radar_127_350MHz_20201028_135718_0001,LKTB_BRNO_Approach-Radar_127_350MHz_20201028_135718,LKTB,train
LSGS_SION_Ground_Control_121_7MHz_20210503_125509_0000,LSGS_SION_Ground_Control_121_7MHz_20210503_125509,LSGS,train
LKPR_RUZYNE_Tower_134_560MHz_20201026_091524_0000,LKPR_RUZYNE_Tower_134_560MHz_20201026_091524,LKPR,train
LSZB_BERN_Tower_121_0MHz_20210414_063757_0000,LSZB_BERN_Tower_121_0MHz_20210414_063757,LSZB,train
LKPR_RUZYNE_Tower_134_560MHz_20201029_205008_0002,LKPR_RUZYNE_Tower_134_560MHz_20201029_205008,LKPR,train
LKPR_RUZYNE_Radar_120_520MHz_20201025_213836_0000,LKPR_RUZYNE_Radar_120_520MHz_20201025_213836,LKPR,train
LSGS_SION_Ground_Control_121_7MHz_20210504_134548_0000,LSGS_SION_Ground_Control_121_7MHz_20210504_134548,LSGS,train
LSGS_SION_Ground_Control_121_7MHz_20210502_062018_0000,LSGS_SION_Ground_Control_121_7MHz_20210502_062018,LSGS,train
LSZH_ZURICH_ApronS_121_75MHz_20210418_075050_0000,LSZH_ZURICH_ApronS_121_75MHz_20210418_075050,LSZH,train
LSGS_SION_Ground_Control_121_7MHz_20210502_061433_0001,LSGS_SION_Ground_Control_121_7MHz_20210502_061433,LSGS,train
LSZH_ZURICH_Tower_118_1MHz_20210418_101741_0000,LSZH_ZURICH_Tower_118_1MHz_20210418_101741,LSZH,train
LSZH_ZURICH_Tower_118_1MHz_20210412_205041_0000,LSZH_ZURICH_Tower_118_1MHz_20210412_205041,LSZH,train
LSZB_BERN_Tower_121_0MHz_20210413_102305_0000,LSZB_BERN_Tower_121_0MHz_20210413_102305,LSZB,train
LSZB_BERN_Tower_121_0MHz_20210414_094938_0000,LSZB_BERN_Tower_121_0MHz_20210414_094938,LSZB,train
LSZB_BERN_Approach_127_3MHz_20210416_132948_0001,LSZB_BERN_Approach_127_3MHz_20210416_132948,LSZB,train
LKTB_BRNO_Tower_119_605MHz_20201029_180205_0000,LKTB_BRNO_Tower_119_605MHz_20201029_180205,LKTB,train
LSGS_SION_Ground_Control_121_7MHz_20210505_142343_0001,LSGS_SION_Ground_Control_121_7MHz_20210505_142343,LSGS,train
LSZB_BERN_Approach_127_3MHz_20210424_180809_0001,LSZB_BERN_Approach_127_3MHz_20210424_180809,LSZB,train
LKPR_RUZYNE_Tower_134_560MHz_20201026_091524_0001,LKPR_RUZYNE_Tower_134_560MHz_20201026_091524,LKPR,train
LSZB_BERN_Tower_121_0MHz_20210424_065548_0000,LSZB_BERN_Tower_121_0MHz_20210424_065548,LSZB,train
LSZH_ZURICH_ApronS_121_75MHz_20210414_092130_0000,LSZH_ZURICH_ApronS_121_75MHz_20210414_092130,LSZH,train
YSSY_SYDNEY_Tower_120_5MHz_20210428_013626_0001,YSSY_SYDNEY_Tower_120_5MHz_20210428_013626,YSSY,train
YSSY_SYDNEY_Tower_120_5MHz_20210428_020602_0001,YSSY_SYDNEY_Tower_120_5MHz_20210428_020602,YSSY,train
LKPR_RUZYNE_Radar_120_520MHz_20201026_204323_0002,LKPR_RUZYNE_Radar_120_520MHz_20201026_204323,LKPR,train
YSSY_SYDNEY_Tower_120_5MHz_20210503_075426_0000,YSSY_SYDNEY_Tower_120_5MHz_20210503_075426,YSSY,train
LSGS_SION_Ground_Control_121_7MHz_20210420_142949_0000,LSGS_SION_Ground_Control_121_7MHz_20210420_142949,LSGS,train
LSZH_ZURICH_Tower_118_1MHz_20210414_142643_0000,LSZH_ZURICH_Tower_118_1MHz_20210414_142643,LSZH,train
LSZH_ZURICH_Tower_118_1MHz_20210414_112740_0000,LSZH_ZURICH_Tower_118_1MHz_20210414_112740,LSZH,train
LSZB_BERN_Tower_121_0MHz_20210413_132952_0000,LSZB_BERN_Tower_121_0MHz_20210413_132952,LSZB,train
LKTB_BRNO_Tower_119_605MHz_20201027_122331_0000,LKTB_BRNO_Tower_119_605MHz_20201027_122331,LKTB,train
LKTB_BRNO_Tower_119_605MHz_20201029_073731_0001,LKTB_BRNO_Tower_119_605MHz_20201029_073731,LKTB,train
LSZH_ZURICH_Tower_118_1MHz_20210414_085908_0002,LSZH_ZURICH_Tower_118_1MHz_20210414_085908,LSZH,train
LSGS_SION_Ground_Control_121_7MHz_20210503_153923_0001,LSGS_SION_Ground_Control_121_7MHz_20210503_153923,LSGS,train
LSZB_BERN_Approach_127_3MHz_20210414_134643_0000,LSZB_BERN_Approach_127_3MHz_20210414_134643,LSZB,train
YSSY_SYDNEY_Tower_120_5MHz_20210505_203052_0000,YSSY_SYDNEY_Tower_120_5MHz_20210505_203052,YSSY,train
LSZB_BERN_Tower_121_0MHz_20210413_111807_0000,LSZB_BERN_Tower_121_0MHz_20210413_111807,LSZB,train
LSZB_BERN_Tower_121_0MHz_20210413_144903_0001,LSZB_BERN_Tower_121_0MHz_20210413_144903,LSZB,train
LSGS_SION_Ground_Control_121_7MHz_20210503_164649_0001,LSGS_SION_Ground_Control_121_7MHz_20210503_164649,LSGS,train
LSGS_SION_Ground_Control_121_7MHz_20210501_073043_0001,LSGS_SION_Ground_Control_121_7MHz_20210501_073043,LSGS,train
LZIB_STEFANIK_Tower_118_3MHz_20210430_151209_0000,LZIB_STEFANIK_Tower_118_3MHz_20210430_151209,LZIB,train
LSGS_SION_Ground_Control_121_7MHz_20210503_151530_0000,LSGS_SION_Ground_Control_121_7MHz_20210503_151530,LSGS,train
LSZB_BERN_Tower_121_0MHz_20210414_151418_0000,LSZB_BERN_Tower_121_0MHz_20210414_151418,LSZB,train
LSZH_ZURICH_ApronN_121_85MHz_20210414_081643_0000,LSZH_ZURICH_ApronN_121_85MHz_20210414_081643,LSZH,train
LSZB_BERN_Tower_121_0MHz_20210424_164323_0001,LSZB_BERN_Tower_121_0MHz_20210424_164323,LSZB,train
LZIB_STEFANIK_Tower_118_3MHz_20210505_173822_0000,LZIB_STEFANIK_Tower_118_3MHz_20210505_173822,LZIB,train
YSSY_SYDNEY_Tower_120_5MHz_20210505_224723_0000,YSSY_SYDNEY_Tower_120_5MHz_20210505_224723,YSSY,train
LSGS_SION_Ground_Control_121_7MHz_20210503_071945_0001,LSGS_SION_Ground_Control_121_7MHz_20210503_071945,LSGS,train
LSGS_SION_Ground_Control_121_7MHz_20210503_145500_0000,LSGS_SION_Ground_Control_121_7MHz_20210503_145500,LSGS,train
LSZB_BERN_Approach_127_3MHz_20210415_152428_0000,LSZB_BERN_Approach_127_3MHz_20210415_152428,LSZB,train
LZIB_STEFANIK_Tower_118_3MHz_20210429_203102_0001,LZIB_STEFANIK_Tower_118_3MHz_20210429_203102,LZIB,train
YSSY_SYDNEY_Tower_120_5MHz_20210505_121757_0000,YSSY_SYDNEY_Tower_120_5MHz_20210505_121757,YSSY,train
LSZH_ZURICH_ApronS_121_75MHz_20210414_103310_0000,LSZH_ZURICH_ApronS_121_75MHz_20210414_103310,LSZH,train
LSZH_ZURICH_ApronS_121_75MHz_20210414_075710_0000,LSZH_ZURICH_ApronS_121_75MHz_20210414_075710,LSZH,train
LSZB_BERN_Approach_127_3MHz_20210421_165346_0001,LSZB_BERN_Approach_127_3MHz_20210421_165346,LSZB,train
LKTB_BRNO_Tower_119_605MHz_20201027_000841_0000,LKTB_BRNO_Tower_119_605MHz_20201027_000841,LKTB,train
LSGS_SION_Tower_118_3MHz_20210503_130423_0000,LSGS_SION_Tower_118_3MHz_20210503_130423,LSGS,train
LSZH_ZURICH_Tower_118_1MHz_20210414_085908_0003,LSZH_ZURICH_Tower_118_1MHz_20210414_085908,LSZH,train
YSSY_SYDNEY_Tower_120_5MHz_20210503_121431_0000,YSSY_SYDNEY_Tower_120_5MHz_20210503_121431,YSSY,train
YSSY_SYDNEY_Tower_120_5MHz_20210504_044333_0000,YSSY_SYDNEY_Tower_120_5MHz_20210504_044333,YSSY,train
LSGS_SION_Ground_Control_121_7MHz_20210502_123002_0000,LSGS_SION_Ground_Control_121_7MHz_20210502_123002,LSGS,train
YSSY_SYDNEY_Tower_120_5MHz_20210502_012016_0001,YSSY_SYDNEY_Tower_120_5MHz_20210502_012016,YSSY,train
LKPR_RUZYNE_Radar_120_520MHz_20201026_204323_0000,LKPR_RUZYNE_Radar_120_520MHz_20201026_204323,LKPR,train
LSZH_ZURICH_Tower_118_1MHz_20210414_064502_0000,LSZH_ZURICH_Tower_118_1MHz_20210414_064502,LSZH,train
LKTB_BRNO_Tower_119_605MHz_20201027_112131_0000,LKTB_BRNO_Tower_119_605MHz_20201027_112131,LKTB,train
LKPR_RUZYNE_Radar_120_520MHz_20201026_130708_0000,LKPR_RUZYNE_Radar_120_520MHz_20201026_130708,LKPR,train
LSGS_SION_Tower_118_3MHz_20210505_105333_0000,LSGS_SION_Tower_118_3MHz_20210505_105333,LSGS,train
LSZB_BERN_Approach_127_3MHz_20210420_090959_0001,LSZB_BERN_Approach_127_3MHz_20210420_090959,LSZB,train
LKPR_RUZYNE_Tower_134_560MHz_20201028_152306_0000,LKPR_RUZYNE_Tower_134_560MHz_20201028_152306,LKPR,train
LKTB_BRNO_Approach-Radar_127_350MHz_20201028_132938_0000,LKTB_BRNO_Approach-Radar_127_350MHz_20201028_132938,LKTB,train
YSSY_SYDNEY_Tower_120_5MHz_20210502_040816_0001,YSSY_SYDNEY_Tower_120_5MHz_20210502_040816,YSSY,train
LKTB_BRNO_Approach-Radar_127_350MHz_20201029_101954_0000,LKTB_BRNO_Approach-Radar_127_350MHz_20201029_101954,LKTB,train
LSZB_BERN_Tower_121_0MHz_20210413_140554_0000,LSZB_BERN_Tower_121_0MHz_20210413_140554,LSZB,train
LSGS_SION_Ground_Control_121_7MHz_20210502_060505_0001,LSGS_SION_Ground_Control_121_7MHz_20210502_060505,LSGS,train
LSGS_SION_Ground_Control_121_7MHz_20210503_143715_0001,LSGS_SION_Ground_Control_121_7MHz_20210503_143715,LSGS,train
LSGS_SION_Ground_Control_121_7MHz_20210421_143604_0001,LSGS_SION_Ground_Control_121_7MHz_20210421_143604,LSGS,train
LKPR_RUZYNE_Radar_120_520MHz_20201027_125731_0001,LKPR_RUZYNE_Radar_120_520MHz_20201027_125731,LKPR,train
LKPR_RUZYNE_Tower_134_560MHz_20201026_091524_0002,LKPR_RUZYNE_Tower_134_560MHz_20201026_091524,LKPR,train
LSZH_ZURICH_ApronS_121_75MHz_20210414_133039_0000,LSZH_ZURICH_ApronS_121_75MHz_20210414_133039,LSZH,train
YSSY_SYDNEY_Tower_120_5MHz_20210430_215820_0000,YSSY_SYDNEY_Tower_120_5MHz_20210430_215820,YSSY,train
LKTB_BRNO_Approach-Radar_127_350MHz_20201026_111634_0000,LKTB_BRNO_Approach-Radar_127_350MHz_20201026_111634,LKTB,train
LSGS_SION_Ground_Control_121_7MHz_20210504_062720_0000,LSGS_SION_Ground_Control_121_7MHz_20210504_062720,LSGS,train
LSZB_BERN_Tower_121_0MHz_20210413_114456_0001,LSZB_BERN_Tower_121_0MHz_20210413_114456,LSZB,train
YSSY_SYDNEY_Tower_120_5MHz_20210502_004327_0000,YSSY_SYDNEY_Tower_120_5MHz_20210502_004327,YSSY,train
LSGS_SION_Ground_Control_121_7MHz_20210501_073256_0001,LSGS_SION_Ground_Control_121_7MHz_20210501_073256,LSGS,train
LSGS_SION_Tower_118_3MHz_20210415_130947_0000,LSGS_SION_Tower_118_3MHz_20210415_130947,LSGS,train
YSSY_SYDNEY_Tower_120_5MHz_20210502_012007_0000,YSSY_SYDNEY_Tower_120_5MHz_20210502_012007,YSSY,train
LZIB_STEFANIK_Tower_118_3MHz_20210425_122209_0000,LZIB_STEFANIK_Tower_118_3MHz_20210425_122209,LZIB,train
LSZB_BERN_Approach_127_3MHz_20210416_090122_0007,LSZB_BERN_Approach_127_3MHz_20210416_090122,LSZB,train
LZIB_STEFANIK_Tower_118_3MHz_20210502_141218_0003,LZIB_STEFANIK_Tower_118_3MHz_20210502_141218,LZIB,train
LSGS_SION_Ground_Control_121_7MHz_20210423_170457_0000,LSGS_SION_Ground_Control_121_7MHz_20210423_170457,LSGS,train
LSGS_SION_Ground_Control_121_7MHz_20210505_143351_0000,LSGS_SION_Ground_Control_121_7MHz_20210505_143351,LSGS,train
LSGS_SION_Ground_Control_121_7MHz_20210503_151822_0000,LSGS_SION_Ground_Control_121_7MHz_20210503_151822,LSGS,train
LSGS_SION_Ground_Control_121_7MHz_20210502_114312_0000,LSGS_SION_Ground_Control_121_7MHz_20210502_114312,LSGS,train
LSGS_SION_Ground_Control_121_7MHz_20210423_160618_0000,LSGS_SION_Ground_Control_121_7MHz_20210423_160618,LSGS,train
LSZB_BERN_Tower_121_0MHz_20210416_082152_0000,LSZB_BERN_Tower_121_0MHz_20210416_082152,LSZB,train
LSGS_SION_Ground_Control_121_7MHz_20210504_062720_0002,LSGS_SION_Ground_Control_121_7MHz_20210504_062720,LSGS,train
YSSY_SYDNEY_Tower_120_5MHz_20210504_232546_0000,YSSY_SYDNEY_Tower_120_5MHz_20210504_232546,YSSY,train
LZIB_STEFANIK_Tower_118_3MHz_20210427_143155_0000,LZIB_STEFANIK_Tower_118_3MHz_20210427_143155,LZIB,train
LSGS_SION_Ground_Control_121_7MHz_20210502_134810_0000,LSGS_SION_Ground_Control_121_7MHz_20210502_134810,LSGS,train
YSSY_SYDNEY_Tower_120_5MHz_20210502_024039_0001,YSSY_SYDNEY_Tower_120_5MHz_20210502_024039,YSSY,train
LSZB_BERN_Approach_127_3MHz_20210419_091544_0000,LSZB_BERN_Approach_127_3MHz_20210419_091544,LSZB,train
LSZB_BERN_Tower_121_0MHz_20210414_094052_0000,LSZB_BERN_Tower_121_0MHz_20210414_094052,LSZB,train
LSGS_SION_Ground_Control_121_7MHz_20210423_101040_0000,LSGS_SION_Ground_Control_121_7MHz_20210423_101040,LSGS,train
LSGS_SION_Ground_Control_121_7MHz_20210502_092024_0000,LSGS_SION_Ground_Control_121_7MHz_20210502_092024,LSGS,train
YSSY_SYDNEY_Tower_120_5MHz_20210427_042838_0000,YSSY_SYDNEY_Tower_120_5MHz_20210427_042838,YSSY,train
LSZB_BERN_Tower_121_0MHz_20210422_140356_0000,LSZB_BERN_Tower_121_0MHz_20210422_140356,LSZB,train
YSSY_SYDNEY_Tower_120_5MHz_20210502_041017_0000,YSSY_SYDNEY_Tower_120_5MHz_20210502_041017,YSSY,train
LSGS_SION_Ground_Control_121_7MHz_20210503_142210_0000,LSGS_SION_Ground_Control_121_7MHz_20210503_142210,LSGS,train
LSZB_BERN_Tower_121_0MHz_20210415_125054_0000,LSZB_BERN_Tower_121_0MHz_20210415_125054,LSZB,train
LKPR_RUZYNE_Radar_120_520MHz_20201029_075414_0001,LKPR_RUZYNE_Radar_120_520MHz_20201029_075414,LKPR,train
YSSY_SYDNEY_Tower_120_5MHz_20210504_002640_0001,YSSY_SYDNEY_Tower_120_5MHz_20210504_002640,YSSY,train
LSGS_SION_Tower_118_3MHz_20210415_132357_0000,LSGS_SION_Tower_118_3MHz_20210415_132357,LSGS,train
LZIB_STEFANIK_Tower_118_3MHz_20210425_122209_0001,LZIB_STEFANIK_Tower_118_3MHz_20210425_122209,LZIB,train
LSZB_BERN_Tower_121_0MHz_20210416_083545_0000,LSZB_BERN_Tower_121_0MHz_20210416_083545,LSZB,train
LSGS_SION_Ground_Control_121_7MHz_20210505_105917_0000,LSGS_SION_Ground_Control_121_7MHz_20210505_105917,LSGS,train
LSGS_SION_Tower_118_3MHz_20210503_153823_0000,LSGS_SION_Tower_118_3MHz_20210503_153823,LSGS,train
LSZB_BERN_Approach_127_3MHz_20210420_090959_0000,LSZB_BERN_Approach_127_3MHz_20210420_090959,LSZB,train
LSZB_BERN_Approach_127_3MHz_20210418_083338_0001,LSZB_BERN_Approach_127_3MHz_20210418_083338,LSZB,train
YSSY_SYDNEY_Tower_120_5MHz_20210505_054947_0001,YSSY_SYDNEY_Tower_120_5MHz_20210505_054947,YSSY,train
LSGS_SION_Ground_Control_121_7MHz_20210505_110845_0001,LSGS_SION_Ground_Control_121_7MHz_20210505_110845,LSGS,train
LSZH_ZURICH_Tower_118_1MHz_20210414_133203_0001,LSZH_ZURICH_Tower_118_1MHz_20210414_133203,LSZH,train
LSGS_SION_Ground_Control_121_7MHz_20210503_151058_0000,LSGS_SION_Ground_Control_121_7MHz_20210503_151058,LSGS,train
LSGS_SION_Ground_Control_121_7MHz_20210503_145500_0001,LSGS_SION_Ground_Control_121_7MHz_20210503_145500,LSGS,train
LSZH_ZURICH_Tower_118_1MHz_20210418_131615_0000,LSZH_ZURICH_Tower_118_1MHz_20210418_131615,LSZH,train
LSGS_SION_Tower_118_3MHz_20210415_131439_0000,LSGS_SION_Tower_118_3MHz_20210415_131439,LSGS,train
YSSY_SYDNEY_Tower_120_5MHz_20210502_062227_0001,YSSY_SYDNEY_Tower_120_5MHz_20210502_062227,YSSY,train
LKTB_BRNO_Tower_119_605MHz_20201029_060626_0001,LKTB_BRNO_Tower_119_605MHz_20201029_060626,LKTB,train
LKPR_RUZYNE_Tower_134_560MHz_20201028_103443_0000,LKPR_RUZYNE_Tower_134_560MHz_20201028_103443,LKPR,train
LSGS_SION_Ground_Control_121_7MHz_20210503_155852_0000,LSGS_SION_Ground_Control_121_7MHz_20210503_155852,LSGS,train
LSGS_SION_Ground_Control_121_7MHz_20210502_065831_0000,LSGS_SION_Ground_Control_121_7MHz_20210502_065831,LSGS,train
LSZB_BERN_Approach_127_3MHz_20210415_160311_0001,LSZB_BERN_Approach_127_3MHz_20210415_160311,LSZB,train
LSGS_SION_Ground_Control_121_7MHz_20210503_143209_0001,LSGS_SION_Ground_Control_121_7MHz_20210503_143209,LSGS,train
LSGS_SION_Ground_Control_121_7MHz_20210503_164624_0000,LSGS_SION_Ground_Control_121_7MHz_20210503_164624,LSGS,train
YSSY_SYDNEY_Tower_120_5MHz_20210504_065130_0000,YSSY_SYDNEY_Tower_120_5MHz_20210504_065130,YSSY,train
LSGS_SION_Ground_Control_121_7MHz_20210501_072244_0000,LSGS_SION_Ground_Control_121_7MHz_20210501_072244,LSGS,train
LSGS_SION_Ground_Control_121_7MHz_20210502_061433_0000,LSGS_SION_Ground_Control_121_7MHz_20210502_061433,LSGS,train
LSZB_BERN_Tower_121_0MHz_20210425_084853_0000,LSZB_BERN_Tower_121_0MHz_20210425_084853,LSZB,train
LSZH_ZURICH_Tower_118_1MHz_20210424_160722_0000,LSZH_ZURICH_Tower_118_1MHz_20210424_160722,LSZH,train
LSZB_BERN_Tower_121_0MHz_20210421_115837_0001,LSZB_BERN_Tower_121_0MHz_20210421_115837,LSZB,train
LSZB_BERN_Approach_127_3MHz_20210414_061440_0000,LSZB_BERN_Approach_127_3MHz_20210414_061440,LSZB,train
LSZB_BERN_Tower_121_0MHz_20210413_145507_0000,LSZB_BERN_Tower_121_0MHz_20210413_145507,LSZB,train
LSGS_SION_Ground_Control_121_7MHz_20210503_160018_0000,LSGS_SION_Ground_Control_121_7MHz_20210503_160018,LSGS,train
LSZH_ZURICH_ApronS_121_75MHz_20210414_111307_0000,LSZH_ZURICH_ApronS_121_75MHz_20210414_111307,LSZH,train
LKTB_BRNO_Tower_119_605MHz_20201029_102129_0000,LKTB_BRNO_Tower_119_605MHz_20201029_102129,LKTB,train
LSZB_BERN_Tower_121_0MHz_20210414_125328_0000,LSZB_BERN_Tower_121_0MHz_20210414_125328,LSZB,train
LKPR_RUZYNE_Radar_120_520MHz_20201025_174652_0002,LKPR_RUZYNE_Radar_120_520MHz_20201025_174652,LKPR,train
LSZH_ZURICH_Tower_118_1MHz_20210414_125040_0000,LSZH_ZURICH_Tower_118_1MHz_20210414_125040,LSZH,train
LZIB_STEFANIK_Tower_118_3MHz_20210504_205033_0000,LZIB_STEFANIK_Tower_118_3MHz_20210504_205033,LZIB,train
LSZH_ZURICH_Tower_118_1MHz_20210412_161248_0000,LSZH_ZURICH_Tower_118_1MHz_20210412_161248,LSZH,train
YSSY_SYDNEY_Tower_120_5MHz_20210501_090436_0000,YSSY_SYDNEY_Tower_120_5MHz_20210501_090436,YSSY,train
LSGS_SION_Ground_Control_121_7MHz_20210503_143209_0000,LSGS_SION_Ground_Control_121_7MHz_20210503_143209,LSGS,train
LSGS_SION_Ground_Control_121_7MHz_20210504_102805_0001,LSGS_SION_Ground_Control_121_7MHz_20210504_102805,LSGS,train
LSGS_SION_Tower_118_3MHz_20210505_140747_0000,LSGS_SION_Tower_118_3MHz_20210505_140747,LSGS,train
YSSY_SYDNEY_Tower_120_5MHz_20210502_043414_0001,YSSY_SYDNEY_Tower_120_5MHz_20210502_043414,YSSY,train
YSSY_SYDNEY_Tower_120_5MHz_20210503_083640_0000,YSSY_SYDNEY_Tower_120_5MHz_20210503_083640,YSSY,train
LSZH_ZURICH_ApronS_121_75MHz_20210414_080706_0000,LSZH_ZURICH_ApronS_121_75MHz_20210414_080706,LSZH,train
LSGS_SION_Ground_Control_121_7MHz_20210502_071809_0001,LSGS_SION_Ground_Control_121_7MHz_20210502_071809,LSGS,train
LKPR_RUZYNE_Tower_134_560MHz_20201028_103443_0001,LKPR_RUZYNE_Tower_134_560MHz_20201028_103443,LKPR,train
LSGS_SION_Ground_Control_121_7MHz_20210504_155421_0000,LSGS_SION_Ground_Control_121_7MHz_20210504_155421,LSGS,train
LSZB_BERN_Approach_127_3MHz_20210415_130024_0000,LSZB_BERN_Approach_127_3MHz_20210415_130024,LSZB,train
LSZH_ZURICH_Tower_118_1MHz_20210416_130649_0000,LSZH_ZURICH_Tower_118_1MHz_20210416_130649,LSZH,train
LKTB_BRNO_Approach-Radar_127_350MHz_20201028_132938_0001,LKTB_BRNO_Approach-Radar_127_350MHz_20201028_132938,LKTB,train
LSZH_ZURICH_Tower_118_1MHz_20210424_064001_0001,LSZH_ZURICH_Tower_118_1MHz_20210424_064001,LSZH,train
LSGS_SION_Ground_Control_121_7MHz_20210502_062014_0000,LSGS_SION_Ground_Control_121_7MHz_20210502_062014,LSGS,train
LZIB_STEFANIK_Tower_118_3MHz_20210429_202823_0001,LZIB_STEFANIK_Tower_118_3MHz_20210429_202823,LZIB,train
LSZB_BERN_Tower_121_0MHz_20210420_062521_0000,LSZB_BERN_Tower_121_0MHz_20210420_062521,LSZB,train
LKTB_BRNO_Approach-Radar_127_350MHz_20201028_090451_0000,LKTB_BRNO_Approach-Radar_127_350MHz_20201028_090451,LKTB,train
LSZB_BERN_Tower_121_0MHz_20210423_130638_0001,LSZB_BERN_Tower_121_0MHz_20210423_130638,LSZB,train
LSZH_ZURICH_Tower_118_1MHz_20210416_133803_0000,LSZH_ZURICH_Tower_118_1MHz_20210416_133803,LSZH,train
LSGS_SION_Ground_Control_121_7MHz_20210502_065626_0001,LSGS_SION_Ground_Control_121_7MHz_20210502_065626,LSGS,train
LZIB_STEFANIK_Tower_118_3MHz_20210427_163922_0000,LZIB_STEFANIK_Tower_118_3MHz_20210427_163922,LZIB,train
LSGS_SION_Ground_Control_121_7MHz_20210505_155803_0002,LSGS_SION_Ground_Control_121_7MHz_20210505_155803,LSGS,train
LSZB_BERN_Approach_127_3MHz_20210414_072005_0001,LSZB_BERN_Approach_127_3MHz_20210414_072005,LSZB,train
YSSY_SYDNEY_Tower_120_5MHz_20210502_004327_0001,YSSY_SYDNEY_Tower_120_5MHz_20210502_004327,YSSY,train
LKTB_BRNO_Tower_119_605MHz_20201029_110511_0001,LKTB_BRNO_Tower_119_605MHz_20201029_110511,LKTB,train
LSZB_BERN_Tower_121_0MHz_20210415_124802_0000,LSZB_BERN_Tower_121_0MHz_20210415_124802,LSZB,train
LSGS_SION_Tower_118_3MHz_20210503_082715_0000,LSGS_SION_Tower_118_3MHz_20210503_082715,LSGS,train
LSGS_SION_Ground_Control_121_7MHz_20210505_110845_0000,LSGS_SION_Ground_Control_121_7MHz_20210505_110845,LSGS,train
LSZH_ZURICH_ApronS_121_75MHz_20210414_095157_0000,LSZH_ZURICH_ApronS_121_75MHz_20210414_095157,LSZH,train
LSGS_SION_Ground_Control_121_7MHz_20210502_122439_0000,LSGS_SION_Ground_Control_121_7MHz_20210502_122439,LSGS,train
LSZB_BERN_Approach_127_3MHz_20210413_161649_0000,LSZB_BERN_Approach_127_3MHz_20210413_161649,LSZB,train
LSZB_BERN_Tower_121_0MHz_20210420_125136_0000,LSZB_BERN_Tower_121_0MHz_20210420_125136,LSZB,train
LSGS_SION_Tower_118_3MHz_20210503_082715_0001,LSGS_SION_Tower_118_3MHz_20210503_082715,LSGS,train
LKPR_RUZYNE_Tower_134_560MHz_20201026_153217_0002,LKPR_RUZYNE_Tower_134_560MHz_20201026_153217,LKPR,train
LKPR_RUZYNE_Radar_120_520MHz_20201025_174652_0000,LKPR_RUZYNE_Radar_120_520MHz_20201025_174652,LKPR,train
LSGS_SION_Ground_Control_121_7MHz_20210502_122439_0001,LSGS_SION_Ground_Control_121_7MHz_20210502_122439,LSGS,train
LKPR_RUZYNE_Tower_134_560MHz_20201026_153217_0001,LKPR_RUZYNE_Tower_134_560MHz_20201026_153217,LKPR,train
LSZB_BERN_Approach_127_3MHz_20210415_120016_0000,LSZB_BERN_Approach_127_3MHz_20210415_120016,LSZB,train
LSZB_BERN_Approach_127_3MHz_20210414_160756_0000,LSZB_BERN_Approach_127_3MHz_20210414_160756,LSZB,train
LSZB_BERN_Tower_121_0MHz_20210423_081639_0001,LSZB_BERN_Tower_121_0MHz_20210423_081639,LSZB,train
LKTB_BRNO_Approach-Radar_127_350MHz_20201029_113918_0000,LKTB_BRNO_Approach-Radar_127_350MHz_20201029_113918,LKTB,train
LSZB_BERN_Tower_121_0MHz_20210414_093450_0000,LSZB_BERN_Tower_121_0MHz_20210414_093450,LSZB,train
LSGS_SION_Tower_118_3MHz_20210503_130423_0002,LSGS_SION_Tower_118_3MHz_20210503_130423,LSGS,train
LSGS_SION_Ground_Control_121_7MHz_20210504_065614_0000,LSGS_SION_Ground_Control_121_7MHz_20210504_065614,LSGS,train
LSGS_SION_Ground_Control_121_7MHz_20210502_121507_0000,LSGS_SION_Ground_Control_121_7MHz_20210502_121507,LSGS,train
LSGS_SION_Ground_Control_121_7MHz_20210503_151946_0000,LSGS_SION_Ground_Control_121_7MHz_20210503_151946,LSGS,train
LZIB_STEFANIK_Tower_118_3MHz_20210430_203041_0001,LZIB_STEFANIK_Tower_118_3MHz_20210430_203041,LZIB,train
LSGS_SION_Ground_Control_121_7MHz_20210502_062018_0001,LSGS_SION_Ground_Control_121_7MHz_20210502_062018,LSGS,train
LKPR_RUZYNE_Radar_120_520MHz_20201028_131433_0000,LKPR_RUZYNE_Radar_120_520MHz_20201028_131433,LKPR,train
LSZB_BERN_Tower_121_0MHz_20210415_134749_0000,LSZB_BERN_Tower_121_0MHz_20210415_134749,LSZB,train
YSSY_SYDNEY_Tower_120_5MHz_20210502_055020_0000,YSSY_SYDNEY_Tower_120_5MHz_20210502_055020,YSSY,train
LSGS_SION_Ground_Control_121_7MHz_20210505_132136_0001,LSGS_SION_Ground_Control_121_7MHz_20210505_132136,LSGS,train
LSZB_BERN_Tower_121_0MHz_20210414_073411_0000,LSZB_BERN_Tower_121_0MHz_20210414_073411,LSZB,train
LSGS_SION_Ground_Control_121_7MHz_20210502_062628_0000,LSGS_SION_Ground_Control_121_7MHz_20210502_062628,LSGS,train
LKPR_RUZYNE_Radar_120_520MHz_20201026_105855_0001,LKPR_RUZYNE_Radar_120_520MHz_20201026_105855,LKPR,train
LSZB_BERN_Approach_127_3MHz_20210414_155314_0000,LSZB_BERN_Approach_127_3MHz_20210414_155314,LSZB,train
LSGS_SION_Ground_Control_121_7MHz_20210502_063447_0001,LSGS_SION_Ground_Control_121_7MHz_20210502_063447,LSGS,train
LSGS_SION_Ground_Control_121_7MHz_20210501_060848_0001,LSGS_SION_Ground_Control_121_7MHz_20210501_060848,LSGS,train
LSZH_ZURICH_Tower_118_1MHz_20210414_085600_0000,LSZH_ZURICH_Tower_118_1MHz_20210414_085600,LSZH,train
LSZH_ZURICH_Tower_118_1MHz_20210414_085908_0001,LSZH_ZURICH_Tower_118_1MHz_20210414_085908,LSZH,train
YSSY_SYDNEY_Tower_120_5MHz_20210503_005135_0000,YSSY_SYDNEY_Tower_120_5MHz_20210503_005135,YSSY,train
LSZB_BERN_Tower_121_0MHz_20210419_124328_0000,LSZB_BERN_Tower_121_0MHz_20210419_124328,LSZB,train
LSZB_BERN_Tower_121_0MHz_20210413_114456_0000,LSZB_BERN_Tower_121_0MHz_20210413_114456,LSZB,train
LSGS_SION_Ground_Control_121_7MHz_20210503_161046_0000,LSGS_SION_Ground_Control_121_7MHz_20210503_161046,LSGS,train
LSGS_SION_Ground_Control_121_7MHz_20210502_065138_0001,LSGS_SION_Ground_Control_121_7MHz_20210502_065138,LSGS,train
LSZB_BERN_Approach_127_3MHz_20210416_084747_0000,LSZB_BERN_Approach_127_3MHz_20210416_084747,LSZB,train
LKPR_RUZYNE_Radar_120_520MHz_20201026_105217_0001,LKPR_RUZYNE_Radar_120_520MHz_20201026_105217,LKPR,train
LSGS_SION_Ground_Control_121_7MHz_20210503_151530_0001,LSGS_SION_Ground_Control_121_7MHz_20210503_151530,LSGS,train
LKPR_RUZYNE_Tower_134_560MHz_20201025_144043_0000,LKPR_RUZYNE_Tower_134_560MHz_20201025_144043,LKPR,train
LSGS_SION_Ground_Control_121_7MHz_20210505_142343_0000,LSGS_SION_Ground_Control_121_7MHz_20210505_142343,LSGS,train
LSZB_BERN_Tower_121_0MHz_20210413_093520_0000,LSZB_BERN_Tower_121_0MHz_20210413_093520,LSZB,train
LKPR_RUZYNE_Radar_120_520MHz_20201026_204323_0001,LKPR_RUZYNE_Radar_120_520MHz_20201026_204323,LKPR,train
LZIB_STEFANIK_Tower_118_3MHz_20210505_093242_0000,LZIB_STEFANIK_Tower_118_3MHz_20210505_093242,LZIB,train
LKPR_RUZYNE_Radar_120_520MHz_20201025_121325_0001,LKPR_RUZYNE_Radar_120_520MHz_20201025_121325,LKPR,train
LSGS_SION_Ground_Control_121_7MHz_20210503_151946_0001,LSGS_SION_Ground_Control_121_7MHz_20210503_151946,LSGS,train
LSZB_BERN_Tower_121_0MHz_20210419_092415_0002,LSZB_BERN_Tower_121_0MHz_20210419_092415,LSZB,train
LSGS_SION_Tower_118_3MHz_20210415_105647_0000,LSGS_SION_Tower_118_3MHz_20210415_105647,LSGS,train
LSGS_SION_Ground_Control_121_7MHz_20210503_151822_0002,LSGS_SION_Ground_Control_121_7MHz_20210503_151822,LSGS,train
LSGS_SION_Ground_Control_121_7MHz_20210502_164140_0000,LSGS_SION_Ground_Control_121_7MHz_20210502_164140,LSGS,train
YSSY_SYDNEY_Tower_120_5MHz_20210430_215820_0001,YSSY_SYDNEY_Tower_120_5MHz_20210430_215820,YSSY,train
LZIB_STEFANIK_Tower_118_3MHz_20210430_203041_0000,LZIB_STEFANIK_Tower_118_3MHz_20210430_203041,LZIB,train
LSZB_BERN_Tower_121_0MHz_20210421_115837_0000,LSZB_BERN_Tower_121_0MHz_20210421_115837,LSZB,train
LSGS_SION_Ground_Control_121_7MHz_20210504_102003_0001,LSGS_SION_Ground_Control_121_7MHz_20210504_102003,LSGS,train
LKPR_RUZYNE_Radar_120_520MHz_20201029_151332_0000,LKPR_RUZYNE_Radar_120_520MHz_20201029_151332,LKPR,train
LZIB_STEFANIK_Tower_118_3MHz_20210428_203205_0000,LZIB_STEFANIK_Tower_118_3MHz_20210428_203205,LZIB,train
LSZH_ZURICH_Tower_118_1MHz_20210413_152740_0000,LSZH_ZURICH_Tower_118_1MHz_20210413_152740,LSZH,train
LKPR_RUZYNE_Radar_120_520MHz_20201025_091112_0001,LKPR_RUZYNE_Radar_120_520MHz_20201025_091112,LKPR,train
LKPR_RUZYNE_Radar_120_520MHz_20201026_114352_0001,LKPR_RUZYNE_Radar_120_520MHz_20201026_114352,LKPR,train
LZIB_STEFANIK_Tower_118_3MHz_20210503_203710_0001,LZIB_STEFANIK_Tower_118_3MHz_20210503_203710,LZIB,train
LSZB_BERN_Approach_127_3MHz_20210415_173338_0001,LSZB_BERN_Approach_127_3MHz_20210415_173338,LSZB,train
LSZH_ZURICH_Tower_118_1MHz_20210414_112558_0000,LSZH_ZURICH_Tower_118_1MHz_20210414_112558,LSZH,train
LSZB_BERN_Tower_121_0MHz_20210413_165415_0000,LSZB_BERN_Tower_121_0MHz_20210413_165415,LSZB,train
LKPR_RUZYNE_Radar_120_520MHz_20201028_072404_0001,LKPR_RUZYNE_Radar_120_520MHz_20201028_072404,LKPR,train
LKPR_RUZYNE_Radar_120_520MHz_20201026_142311_0001,LKPR_RUZYNE_Radar_120_520MHz_20201026_142311,LKPR,train
LZIB_STEFANIK_Tower_118_3MHz_20210505_145115_0000,LZIB_STEFANIK_Tower_118_3MHz_20210505_145115,LZIB,train
LZIB_STEFANIK_Tower_118_3MHz_20210423_120826_0000,LZIB_STEFANIK_Tower_118_3MHz_20210423_120826,LZIB,train
LSZB_BERN_Tower_121_0MHz_20210413_124002_0000,LSZB_BERN_Tower_121_0MHz_20210413_124002,LSZB,train
LSZH_ZURICH_Tower_118_1MHz_20210414_140139_0000,LSZH_ZURICH_Tower_118_1MHz_20210414_140139,LSZH,train
YSSY_SYDNEY_Tower_120_5MHz_20210504_065016_0000,YSSY_SYDNEY_Tower_120_5MHz_20210504_065016,YSSY,train
LSGS_SION_Ground_Control_121_7MHz_20210503_142105_0000,LSGS_SION_Ground_Control_121_7MHz_20210503_142105,LSGS,train
LSZH_ZURICH_Tower_118_1MHz_20210416_174125_0000,LSZH_ZURICH_Tower_118_1MHz_20210416_174125,LSZH,train
LSZB_BERN_Approach_127_3MHz_20210416_132948_0000,LSZB_BERN_Approach_127_3MHz_20210416_132948,LSZB,train
LSGS_SION_Ground_Control_121_7MHz_20210504_101442_0001,LSGS_SION_Ground_Control_121_7MHz_20210504_101442,LSGS,train
LSGS_SION_Ground_Control_121_7MHz_20210505_140831_0000,LSGS_SION_Ground_Control_121_7MHz_20210505_140831,LSGS,train
YSSY_SYDNEY_Tower_120_5MHz_20210503_083640_0002,YSSY_SYDNEY_Tower_120_5MHz_20210503_083640,YSSY,train
YSSY_SYDNEY_Tower_120_5MHz_20210427_202441_0000,YSSY_SYDNEY_Tower_120_5MHz_20210427_202441,YSSY,train
YSSY_SYDNEY_Tower_120_5MHz_20210502_114326_0000,YSSY_SYDNEY_Tower_120_5MHz_20210502_114326,YSSY,train
LKTB_BRNO_Approach-Radar_127_350MHz_20201026_092727_0000,LKTB_BRNO_Approach-Radar_127_350MHz_20201026_092727,LKTB,train
LZIB_STEFANIK_Approach_120_9MHz_20210426_203133_0003,LZIB_STEFANIK_Approach_120_9MHz_20210426_203133,LZIB,train
LSGS_SION_Ground_Control_121_7MHz_20210421_143604_0000,LSGS_SION_Ground_Control_121_7MHz_20210421_143604,LSGS,train
LSGS_SION_Ground_Control_121_7MHz_20210419_153441_0000,LSGS_SION_Ground_Control_121_7MHz_20210419_153441,LSGS,train
LKPR_RUZYNE_Tower_134_560MHz_20201025_144043_0003,LKPR_RUZYNE_Tower_134_560MHz_20201025_144043,LKPR,train
LSZB_BERN_Tower_121_0MHz_20210415_130747_0000,LSZB_BERN_Tower_121_0MHz_20210415_130747,LSZB,train
LSGS_SION_Tower_118_3MHz_20210503_130418_0000,LSGS_SION_Tower_118_3MHz_20210503_130418,LSGS,train
LKPR_RUZYNE_Radar_120_520MHz_20201028_131433_0002,LKPR_RUZYNE_Radar_120_520MHz_20201028_131433,LKPR,train
LSZB_BERN_Tower_121_0MHz_20210413_103222_0000,LSZB_BERN_Tower_121_0MHz_20210413_103222,LSZB,train
YSSY_SYDNEY_Tower_120_5MHz_20210502_034700_0001,YSSY_SYDNEY_Tower_120_5MHz_20210502_034700,YSSY,train
LSZH_ZURICH_Tower_118_1MHz_20210413_204447_0000,LSZH_ZURICH_Tower_118_1MHz_20210413_204447,LSZH,train
LKPR_RUZYNE_Radar_120_520MHz_20201029_161709_0001,LKPR_RUZYNE_Radar_120_520MHz_20201029_161709,LKPR,train
LSZB_BERN_Approach_127_3MHz_20210424_180809_0000,LSZB_BERN_Approach_127_3MHz_20210424_180809,LSZB,train
LSZB_BERN_Tower_121_0MHz_20210413_144653_0000,LSZB_BERN_Tower_121_0MHz_20210413_144653,LSZB,train
LKPR_RUZYNE_Radar_120_520MHz_20201028_131433_0001,LKPR_RUZYNE_Radar_120_520MHz_20201028_131433,LKPR,train
LSGS_SION_Ground_Control_121_7MHz_20210505_065954_0000,LSGS_SION_Ground_Control_121_7MHz_20210505_065954,LSGS,train
LSZB_BERN_Tower_121_0MHz_20210413_141321_0001,LSZB_BERN_Tower_121_0MHz_20210413_141321,LSZB,train
LSGS_SION_Ground_Control_121_7MHz_20210423_142801_0001,LSGS_SION_Ground_Control_121_7MHz_20210423_142801,LSGS,train
LSGS_SION_Ground_Control_121_7MHz_20210503_151837_0000,LSGS_SION_Ground_Control_121_7MHz_20210503_151837,LSGS,train
LSZB_BERN_Approach_127_3MHz_20210415_142653_0000,LSZB_BERN_Approach_127_3MHz_20210415_142653,LSZB,train
LSGS_SION_Ground_Control_121_7MHz_20210505_105917_0001,LSGS_SION_Ground_Control_121_7MHz_20210505_105917,LSGS,train
LKPR_RUZYNE_Radar_120_520MHz_20201025_140929_0001,LKPR_RUZYNE_Radar_120_520MHz_20201025_140929,LKPR,train
LSGS_SION_Ground_Control_121_7MHz_20210503_163635_0001,LSGS_SION_Ground_Control_121_7MHz_20210503_163635,LSGS,train
LSZH_ZURICH_Tower_118_1MHz_20210414_095149_0000,LSZH_ZURICH_Tower_118_1MHz_20210414_095149,LSZH,train
LSZB_BERN_Tower_121_0MHz_20210424_083144_0000,LSZB_BERN_Tower_121_0MHz_20210424_083144,LSZB,train
LSGS_SION_Ground_Control_121_7MHz_20210503_152953_0001,LSGS_SION_Ground_Control_121_7MHz_20210503_152953,LSGS,train
LSGS_SION_Tower_118_3MHz_20210503_130038_0000,LSGS_SION_Tower_118_3MHz_20210503_130038,LSGS,train
YSSY_SYDNEY_Tower_120_5MHz_20210427_063034_0000,YSSY_SYDNEY_Tower_120_5MHz_20210427_063034,YSSY,train
LSZH_ZURICH_Tower_118_1MHz_20210412_155616_0000,LSZH_ZURICH_Tower_118_1MHz_20210412_155616,LSZH,train
LSGS_SION_Ground_Control_121_7MHz_20210505_155803_0000,LSGS_SION_Ground_Control_121_7MHz_20210505_155803,LSGS,train
LSZH_ZURICH_Tower_118_1MHz_20210413_152740_0001,LSZH_ZURICH_Tower_118_1MHz_20210413_152740,LSZH,train
LSZB_BERN_Tower_121_0MHz_20210421_123703_0000,LSZB_BERN_Tower_121_0MHz_20210421_123703,LSZB,train
LSZB_BERN_Tower_121_0MHz_20210418_185745_0000,LSZB_BERN_Tower_121_0MHz_20210418_185745,LSZB,train
LSZH_ZURICH_Tower_118_1MHz_20210414_160105_0000,LSZH_ZURICH_Tower_118_1MHz_20210414_160105,LSZH,train
LKPR_RUZYNE_Tower_134_560MHz_20201025_101021_0002,LKPR_RUZYNE_Tower_134_560MHz_20201025_101021,LKPR,train
LKPR_RUZYNE_Tower_134_560MHz_20201028_152306_0001,LKPR_RUZYNE_Tower_134_560MHz_20201028_152306,LKPR,train
LZIB_STEFANIK_Tower_118_3MHz_20210502_141218_0004,LZIB_STEFANIK_Tower_118_3MHz_20210502_141218,LZIB,train
LKPR_RUZYNE_Radar_120_520MHz_20201025_161808_0000,LKPR_RUZYNE_Radar_120_520MHz_20201025_161808,LKPR,train
LKPR_RUZYNE_Tower_134_560MHz_20201025_101021_0001,LKPR_RUZYNE_Tower_134_560MHz_20201025_101021,LKPR,train
LSZB_BERN_Tower_121_0MHz_20210423_071332_0000,LSZB_BERN_Tower_121_0MHz_20210423_071332,LSZB,train
LSZB_BERN_Tower_121_0MHz_20210413_132353_0000,LSZB_BERN_Tower_121_0MHz_20210413_132353,LSZB,train
LSGS_SION_Ground_Control_121_7MHz_20210503_162417_0002,LSGS_SION_Ground_Control_121_7MHz_20210503_162417,LSGS,train
LKTB_BRNO_Tower_119_605MHz_20201029_102129_0001,LKTB_BRNO_Tower_119_605MHz_20201029_102129,LKTB,train
LZIB_STEFANIK_Tower_118_3MHz_20210503_131815_0001,LZIB_STEFANIK_Tower_118_3MHz_20210503_131815,LZIB,train
LSZH_ZURICH_ApronN_121_85MHz_20210414_124259_0000,LSZH_ZURICH_ApronN_121_85MHz_20210414_124259,LSZH,train
LSGS_SION_Ground_Control_121_7MHz_20210503_083741_0000,LSGS_SION_Ground_Control_121_7MHz_20210503_083741,LSGS,train
LSZB_BERN_Tower_121_0MHz_20210424_164323_0000,LSZB_BERN_Tower_121_0MHz_20210424_164323,LSZB,train
LSGS_SION_Ground_Control_121_7MHz_20210502_121507_0001,LSGS_SION_Ground_Control_121_7MHz_20210502_121507,LSGS,train
LSGS_SION_Ground_Control_121_7MHz_20210503_145810_0000,LSGS_SION_Ground_Control_121_7MHz_20210503_145810,LSGS,train
LZIB_STEFANIK_Tower_118_3MHz_20210504_205033_0002,LZIB_STEFANIK_Tower_118_3MHz_20210504_205033,LZIB,train
LSZB_BERN_Tower_121_0MHz_20210421_123703_0001,LSZB_BERN_Tower_121_0MHz_20210421_123703,LSZB,train
YSSY_SYDNEY_Tower_120_5MHz_20210503_211113_0000,YSSY_SYDNEY_Tower_120_5MHz_20210503_211113,YSSY,train
LKPR_RUZYNE_Tower_134_560MHz_20201025_204809_0002,LKPR_RUZYNE_Tower_134_560MHz_20201025_204809,LKPR,train
LKPR_RUZYNE_Radar_120_520MHz_20201026_205056_0000,LKPR_RUZYNE_Radar_120_520MHz_20201026_205056,LKPR,train
LZIB_STEFANIK_Tower_118_3MHz_20210502_141218_0000,LZIB_STEFANIK_Tower_118_3MHz_20210502_141218,LZIB,train
LKTB_BRNO_Approach-Radar_127_350MHz_20201029_113918_0001,LKTB_BRNO_Approach-Radar_127_350MHz_20201029_113918,LKTB,train
LSZB_BERN_Approach_127_3MHz_20210415_090549_0000,LSZB_BERN_Approach_127_3MHz_20210415_090549,LSZB,train
LSGS_SION_Ground_Control_121_7MHz_20210503_081913_0000,LSGS_SION_Ground_Control_121_7MHz_20210503_081913,LSGS,train
LSZH_ZURICH_Tower_118_1MHz_20210414_080622_0002,LSZH_ZURICH_Tower_118_1MHz_20210414_080622,LSZH,train
LSZH_ZURICH_Tower_118_1MHz_20210414_142643_0001,LSZH_ZURICH_Tower_118_1MHz_20210414_142643,LSZH,train
LSGS_SION_Ground_Control_121_7MHz_20210502_065138_0002,LSGS_SION_Ground_Control_121_7MHz_20210502_065138,LSGS,train
LKPR_RUZYNE_Tower_134_560MHz_20201025_204809_0001,LKPR_RUZYNE_Tower_134_560MHz_20201025_204809,LKPR,train
LSZB_BERN_Tower_121_0MHz_20210419_090344_0001,LSZB_BERN_Tower_121_0MHz_20210419_090344,LSZB,train
LSZB_BERN_Tower_121_0MHz_20210424_151756_0001,LSZB_BERN_Tower_121_0MHz_20210424_151756,LSZB,train
LZIB_STEFANIK_Tower_118_3MHz_20210505_145115_0001,LZIB_STEFANIK_Tower_118_3MHz_20210505_145115,LZIB,train
YSSY_SYDNEY_Tower_120_5MHz_20210430_044251_0000,YSSY_SYDNEY_Tower_120_5MHz_20210430_044251,YSSY,train
LSZB_BERN_Tower_121_0MHz_20210415_140747_0002,LSZB_BERN_Tower_121_0MHz_20210415_140747,LSZB,train
LSZB_BERN_Tower_121_0MHz_20210414_064609_0000,LSZB_BERN_Tower_121_0MHz_20210414_064609,LSZB,train
LSZH_ZURICH_ApronS_121_75MHz_20210414_162243_0000,LSZH_ZURICH_ApronS_121_75MHz_20210414_162243,LSZH,train
LKPR_RUZYNE_Radar_120_520MHz_20201029_051226_0000,LKPR_RUZYNE_Radar_120_520MHz_20201029_051226,LKPR,train
LSGS_SION_Ground_Control_121_7MHz_20210504_100959_0000,LSGS_SION_Ground_Control_121_7MHz_20210504_100959,LSGS,train
LSZH_ZURICH_Tower_118_1MHz_20210412_161648_0000,LSZH_ZURICH_Tower_118_1MHz_20210412_161648,LSZH,train
LSZB_BERN_Tower_121_0MHz_20210424_084133_0000,LSZB_BERN_Tower_121_0MHz_20210424_084133,LSZB,train
LSZH_ZURICH_Tower_118_1MHz_20210414_161146_0000,LSZH_ZURICH_Tower_118_1MHz_20210414_161146,LSZH,train
LSGS_SION_Ground_Control_121_7MHz_20210502_152026_0001,LSGS_SION_Ground_Control_121_7MHz_20210502_152026,LSGS,train
LSGS_SION_Ground_Control_121_7MHz_20210503_161854_0002,LSGS_SION_Ground_Control_121_7MHz_20210503_161854,LSGS,train
LSZH_ZURICH_Tower_118_1MHz_20210414_084612_0000,LSZH_ZURICH_Tower_118_1MHz_20210414_084612,LSZH,train
LSGS_SION_Ground_Control_121_7MHz_20210501_060848_0002,LSGS_SION_Ground_Control_121_7MHz_20210501_060848,LSGS,train
LSZB_BERN_Tower_121_0MHz_20210414_103845_0000,LSZB_BERN_Tower_121_0MHz_20210414_103845,LSZB,train
LSZB_BERN_Tower_121_0MHz_20210425_115720_0001,LSZB_BERN_Tower_121_0MHz_20210425_115720,LSZB,train
LSZH_ZURICH_Tower_118_1MHz_20210418_102439_0000,LSZH_ZURICH_Tower_118_1MHz_20210418_102439,LSZH,train
LSGS_SION_Ground_Control_121_7MHz_20210503_153902_0000,LSGS_SION_Ground_Control_121_7MHz_20210503_153902,LSGS,train
LSZB_BERN_Tower_121_0MHz_20210413_124225_0000,LSZB_BERN_Tower_121_0MHz_20210413_124225,LSZB,train
YSSY_SYDNEY_Tower_120_5MHz_20210428_020602_0000,YSSY_SYDNEY_Tower_120_5MHz_20210428_020602,YSSY,train
LSZB_BERN_Approach_127_3MHz_20210413_161203_0000,LSZB_BERN_Approach_127_3MHz_20210413_161203,LSZB,train
LKPR_RUZYNE_Radar_120_520MHz_20201025_120512_0000,LKPR_RUZYNE_Radar_120_520MHz_20201025_120512,LKPR,train
LZIB_STEFANIK_Tower_118_3MHz_20210505_224858_0000,LZIB_STEFANIK_Tower_118_3MHz_20210505_224858,LZIB,train
LSGS_SION_Ground_Control_121_7MHz_20210502_060221_0000,LSGS_SION_Ground_Control_121_7MHz_20210502_060221,LSGS,train
LSZH_ZURICH_Tower_118_1MHz_20210414_080802_0001,LSZH_ZURICH_Tower_118_1MHz_20210414_080802,LSZH,train
LZIB_STEFANIK_Tower_118_3MHz_20210504_205033_0001,LZIB_STEFANIK_Tower_118_3MHz_20210504_205033,LZIB,train
LSGS_SION_Ground_Control_121_7MHz_20210502_145713_0000,LSGS_SION_Ground_Control_121_7MHz_20210502_145713,LSGS,train
LSZB_BERN_Tower_121_0MHz_20210414_081657_0000,LSZB_BERN_Tower_121_0MHz_20210414_081657,LSZB,train
LSZH_ZURICH_Tower_118_1MHz_20210414_055758_0000,LSZH_ZURICH_Tower_118_1MHz_20210414_055758,LSZH,train
LSZH_ZURICH_Tower_118_1MHz_20210413_053348_0000,LSZH_ZURICH_Tower_118_1MHz_20210413_053348,LSZH,train
LSGS_SION_Ground_Control_121_7MHz_20210502_060505_0000,LSGS_SION_Ground_Control_121_7MHz_20210502_060505,LSGS,train
LSGS_SION_Ground_Control_121_7MHz_20210503_082408_0001,LSGS_SION_Ground_Control_121_7MHz_20210503_082408,LSGS,train
YSSY_SYDNEY_Tower_120_5MHz_20210504_071422_0000,YSSY_SYDNEY_Tower_120_5MHz_20210504_071422,YSSY,train
LKPR_RUZYNE_Radar_120_520MHz_20201025_174652_0003,LKPR_RUZYNE_Radar_120_520MHz_20201025_174652,LKPR,train
LSZB_BERN_Tower_121_0MHz_20210424_082532_0000,LSZB_BERN_Tower_121_0MHz_20210424_082532,LSZB,train
LKPR_RUZYNE_Radar_120_520MHz_20201028_095055_0001,LKPR_RUZYNE_Radar_120_520MHz_20201028_095055,LKPR,train
LSZH_ZURICH_Tower_118_1MHz_20210412_163642_0000,LSZH_ZURICH_Tower_118_1MHz_20210412_163642,LSZH,train
LSZB_BERN_Tower_121_0MHz_20210425_074052_0000,LSZB_BERN_Tower_121_0MHz_20210425_074052,LSZB,train
LSZB_BERN_Tower_121_0MHz_20210413_095907_0000,LSZB_BERN_Tower_121_0MHz_20210413_095907,LSZB,train
LKPR_RUZYNE_Tower_134_560MHz_20201025_144043_0001,LKPR_RUZYNE_Tower_134_560MHz_20201025_144043,LKPR,train
LSGS_SION_Ground_Control_121_7MHz_20210503_142013_0000,LSGS_SION_Ground_Control_121_7MHz_20210503_142013,LSGS,train
LZIB_STEFANIK_Tower_118_3MHz_20210505_225241_0000,LZIB_STEFANIK_Tower_118_3MHz_20210505_225241,LZIB,train
LSZH_ZURICH_Tower_118_1MHz_20210414_064101_0000,LSZH_ZURICH_Tower_118_1MHz_20210414_064101,LSZH,train
LSGS_SION_Ground_Control_121_7MHz_20210502_064029_0000,LSGS_SION_Ground_Control_121_7MHz_20210502_064029,LSGS,train
LZIB_STEFANIK_Tower_118_3MHz_20210429_075711_0002,LZIB_STEFANIK_Tower_118_3MHz_20210429_075711,LZIB,train
LSGS_SION_Ground_Control_121_7MHz_20210421_083624_0000,LSGS_SION_Ground_Control_121_7MHz_20210421_083624,LSGS,train
YSSY_SYDNEY_Tower_120_5MHz_20210503_122443_0000,YSSY_SYDNEY_Tower_120_5MHz_20210503_122443,YSSY,train
LZIB_STEFANIK_Tower_118_3MHz_20210425_130418_0000,LZIB_STEFANIK_Tower_118_3MHz_20210425_130418,LZIB,train
YSSY_SYDNEY_Tower_120_5MHz_20210502_083521_0000,YSSY_SYDNEY_Tower_120_5MHz_20210502_083521,YSSY,train
YSSY_SYDNEY_Tower_120_5MHz_20210502_034700_0000,YSSY_SYDNEY_Tower_120_5MHz_20210502_034700,YSSY,train
LSGS_SION_Ground_Control_121_7MHz_20210503_141714_0002,LSGS_SION_Ground_Control_121_7MHz_20210503_141714,LSGS,train
LKTB_BRNO_Approach-Radar_127_350MHz_20201027_114659_0000,LKTB_BRNO_Approach-Radar_127_350MHz_20201027_114659,LKTB,train
LSGS_SION_Ground_Control_121_7MHz_20210505_115427_0001,LSGS_SION_Ground_Control_121_7MHz_20210505_115427,LSGS,train
LSZB_BERN_Approach_127_3MHz_20210415_073916_0000,LSZB_BERN_Approach_127_3MHz_20210415_073916,LSZB,train
LKPR_RUZYNE_Radar_120_520MHz_20201029_075414_0000,LKPR_RUZYNE_Radar_120_520MHz_20201029_075414,LKPR,train
LKPR_RUZYNE_Tower_134_560MHz_20201028_111034_0001,LKPR_RUZYNE_Tower_134_560MHz_20201028_111034,LKPR,train
LKPR_RUZYNE_Radar_120_520MHz_20201028_131433_0003,LKPR_RUZYNE_Radar_120_520MHz_20201028_131433,LKPR,train
LSZB_BERN_Tower_121_0MHz_20210413_141529_0000,LSZB_BERN_Tower_121_0MHz_20210413_141529,LSZB,train
LSZB_BERN_Approach_127_3MHz_20210415_160311_0000,LSZB_BERN_Approach_127_3MHz_20210415_160311,LSZB,train
LSZH_ZURICH_Tower_118_1MHz_20210414_112558_0001,LSZH_ZURICH_Tower_118_1MHz_20210414_112558,LSZH,train
LSGS_SION_Tower_118_3MHz_20210415_130657_0000,LSGS_SION_Tower_118_3MHz_20210415_130657,LSGS,train
LSZB_BERN_Approach_127_3MHz_20210418_152915_0000,LSZB_BERN_Approach_127_3MHz_20210418_152915,LSZB,train
YSSY_SYDNEY_Tower_120_5MHz_20210503_080253_0001,YSSY_SYDNEY_Tower_120_5MHz_20210503_080253,YSSY,train
LKPR_RUZYNE_Tower_134_560MHz_20201027_213741_0000,LKPR_RUZYNE_Tower_134_560MHz_20201027_213741,LKPR,train
LSGS_SION_Ground_Control_121_7MHz_20210502_065626_0000,LSGS_SION_Ground_Control_121_7MHz_20210502_065626,LSGS,train
LSZB_BERN_Approach_127_3MHz_20210415_125332_0000,LSZB_BERN_Approach_127_3MHz_20210415_125332,LSZB,train
LSZH_ZURICH_Tower_118_1MHz_20210413_105440_0001,LSZH_ZURICH_Tower_118_1MHz_20210413_105440,LSZH,train
LSGS_SION_Ground_Control_121_7MHz_20210503_130604_0000,LSGS_SION_Ground_Control_121_7MHz_20210503_130604,LSGS,train
LSZB_BERN_Tower_121_0MHz_20210413_161649_0000,LSZB_BERN_Tower_121_0MHz_20210413_161649,LSZB,train
LSZH_ZURICH_ApronS_121_75MHz_20210414_162243_0001,LSZH_ZURICH_ApronS_121_75MHz_20210414_162243,LSZH,train
LSZH_ZURICH_ApronS_121_75MHz_20210414_114326_0000,LSZH_ZURICH_ApronS_121_75MHz_20210414_114326,LSZH,train
LKTB_BRNO_Tower_119_605MHz_20201029_110511_0000,LKTB_BRNO_Tower_119_605MHz_20201029_110511,LKTB,train
LZIB_STEFANIK_Tower_118_3MHz_20210503_131815_0000,LZIB_STEFANIK_Tower_118_3MHz_20210503_131815,LZIB,train
LSGS_SION_Ground_Control_121_7MHz_20210502_145713_0001,LSGS_SION_Ground_Control_121_7MHz_20210502_145713,LSGS,train
LZIB_STEFANIK_Tower_118_3MHz_20210503_202731_0000,LZIB_STEFANIK_Tower_118_3MHz_20210503_202731,LZIB,train
LSGS_SION_Ground_Control_121_7MHz_20210503_151916_0000,LSGS_SION_Ground_Control_121_7MHz_20210503_151916,LSGS,train
LSGS_SION_Ground_Control_121_7MHz_20210503_082722_0000,LSGS_SION_Ground_Control_121_7MHz_20210503_082722,LSGS,train
LSZB_BERN_Tower_121_0MHz_20210420_062521_0001,LSZB_BERN_Tower_121_0MHz_20210420_062521,LSZB,train
LSZH_ZURICH_Tower_118_1MHz_20210414_081018_0000,LSZH_ZURICH_Tower_118_1MHz_20210414_081018,LSZH,train
LSGS_SION_Ground_Control_121_7MHz_20210504_155421_0001,LSGS_SION_Ground_Control_121_7MHz_20210504_155421,LSGS,train
LZIB_STEFANIK_Tower_118_3MHz_20210505_073328_0000,LZIB_STEFANIK_Tower_118_3MHz_20210505_073328,LZIB,train
LKPR_RUZYNE_Radar_120_520MHz_20201029_205125_0000,LKPR_RUZYNE_Radar_120_520MHz_20201029_205125,LKPR,train
LZIB_STEFANIK_Tower_118_3MHz_20210505_073328_0001,LZIB_STEFANIK_Tower_118_3MHz_20210505_073328,LZIB,train
LKPR_RUZYNE_Radar_120_520MHz_20201029_051226_0002,LKPR_RUZYNE_Radar_120_520MHz_20201029_051226,LKPR,train
LKPR_RUZYNE_Tower_134_560MHz_20201025_090915_0001,LKPR_RUZYNE_Tower_134_560MHz_20201025_090915,LKPR,train
LKPR_RUZYNE_Radar_120_520MHz_20201025_140929_0000,LKPR_RUZYNE_Radar_120_520MHz_20201025_140929,LKPR,train
YSSY_SYDNEY_Tower_120_5MHz_20210503_201130_0000,YSSY_SYDNEY_Tower_120_5MHz_20210503_201130,YSSY,train
LSZH_ZURICH_Tower_118_1MHz_20210414_085414_0000,LSZH_ZURICH_Tower_118_1MHz_20210414_085414,LSZH,train
LSGS_SION_Ground_Control_121_7MHz_20210503_062134_0000,LSGS_SION_Ground_Control_121_7MHz_20210503_062134,LSGS,train
LSZB_BERN_Tower_121_0MHz_20210425_112657_0001,LSZB_BERN_Tower_121_0MHz_20210425_112657,LSZB,train
LSZH_ZURICH_Tower_118_1MHz_20210412_155616_0001,LSZH_ZURICH_Tower_118_1MHz_20210412_155616,LSZH,train
LKPR_RUZYNE_Radar_120_520MHz_20201026_114352_0000,LKPR_RUZYNE_Radar_120_520MHz_20201026_114352,LKPR,train
LSGS_SION_Ground_Control_121_7MHz_20210505_115427_0000,LSGS_SION_Ground_Control_121_7MHz_20210505_115427,LSGS,train
LZIB_STEFANIK_Tower_118_3MHz_20210429_075711_0000,LZIB_STEFANIK_Tower_118_3MHz_20210429_075711,LZIB,train
LSGS_SION_Ground_Control_121_7MHz_20210502_164237_0000,LSGS_SION_Ground_Control_121_7MHz_20210502_164237,LSGS,train
LSGS_SION_Ground_Control_121_7MHz_20210503_141714_0001,LSGS_SION_Ground_Control_121_7MHz_20210503_141714,LSGS,train
LKTB_BRNO_Ground_125_430MHz_20201028_171509_0000,LKTB_BRNO_Ground_125_430MHz_20201028_171509,LKTB,train
LSZB_BERN_Tower_121_0MHz_20210413_123724_0000,LSZB_BERN_Tower_121_0MHz_20210413_123724,LSZB,train
LSZB_BERN_Tower_121_0MHz_20210420_122956_0000,LSZB_BERN_Tower_121_0MHz_20210420_122956,LSZB,train
LSZB_BERN_Approach_127_3MHz_20210424_150535_0000,LSZB_BERN_Approach_127_3MHz_20210424_150535,LSZB,train
LSZH_ZURICH_Tower_118_1MHz_20210424_064001_0000,LSZH_ZURICH_Tower_118_1MHz_20210424_064001,LSZH,train
LZIB_STEFANIK_Tower_118_3MHz_20210430_155946_0001,LZIB_STEFANIK_Tower_118_3MHz_20210430_155946,LZIB,train
LSGS_SION_Ground_Control_121_7MHz_20210504_070942_0000,LSGS_SION_Ground_Control_121_7MHz_20210504_070942,LSGS,train
LSGS_SION_Ground_Control_121_7MHz_20210502_073058_0000,LSGS_SION_Ground_Control_121_7MHz_20210502_073058,LSGS,train
LSZH_ZURICH_Tower_118_1MHz_20210418_155559_0000,LSZH_ZURICH_Tower_118_1MHz_20210418_155559,LSZH,train
YSSY_SYDNEY_Tower_120_5MHz_20210505_054947_0000,YSSY_SYDNEY_Tower_120_5MHz_20210505_054947,YSSY,train
LSZB_BERN_Approach_127_3MHz_20210416_090122_0005,LSZB_BERN_Approach_127_3MHz_20210416_090122,LSZB,train
LSZH_ZURICH_Tower_118_1MHz_20210413_105440_0000,LSZH_ZURICH_Tower_118_1MHz_20210413_105440,LSZH,train
LSZB_BERN_Tower_121_0MHz_20210423_071332_0001,LSZB_BERN_Tower_121_0MHz_20210423_071332,LSZB,train
YSSY_SYDNEY_Tower_120_5MHz_20210502_063423_0000,YSSY_SYDNEY_Tower_120_5MHz_20210502_063423,YSSY,train
LSGS_SION_Ground_Control_121_7MHz_20210502_060221_0001,LSGS_SION_Ground_Control_121_7MHz_20210502_060221,LSGS,train
LSZB_BERN_Tower_121_0MHz_20210424_164323_0002,LSZB_BERN_Tower_121_0MHz_20210424_164323,LSZB,train
LSZB_BERN_Tower_121_0MHz_20210414_063449_0000,LSZB_BERN_Tower_121_0MHz_20210414_063449,LSZB,train
LKTB_BRNO_Tower_119_605MHz_20201029_073731_0000,LKTB_BRNO_Tower_119_605MHz_20201029_073731,LKTB,train
LKTB_BRNO_Tower_119_605MHz_20201028_185619_0000,LKTB_BRNO_Tower_119_605MHz_20201028_185619,LKTB,train
LSZB_BERN_Tower_121_0MHz_20210423_123112_0000,LSZB_BERN_Tower_121_0MHz_20210423_123112,LSZB,train
LKPR_RUZYNE_Radar_120_520MHz_20201029_205125_0001,LKPR_RUZYNE_Radar_120_520MHz_20201029_205125,LKPR,train
LSZB_BERN_Tower_121_0MHz_20210414_094938_0001,LSZB_BERN_Tower_121_0MHz_20210414_094938,LSZB,train
LKPR_RUZYNE_Tower_134_560MHz_20201026_143955_0000,LKPR_RUZYNE_Tower_134_560MHz_20201026_143955,LKPR,train
YSSY_SYDNEY_Tower_120_5MHz_20210502_043414_0000,YSSY_SYDNEY_Tower_120_5MHz_20210502_043414,YSSY,train
LZIB_STEFANIK_Tower_118_3MHz_20210503_204845_0000,LZIB_STEFANIK_Tower_118_3MHz_20210503_204845,LZIB,train
LSGS_SION_Ground_Control_121_7MHz_20210503_084629_0000,LSGS_SION_Ground_Control_121_7MHz_20210503_084629,LSGS,train
LKPR_RUZYNE_Radar_120_520MHz_20201029_051226_0001,LKPR_RUZYNE_Radar_120_520MHz_20201029_051226,LKPR,train
LSGS_SION_Ground_Control_121_7MHz_20210503_083922_0000,LSGS_SION_Ground_Control_121_7MHz_20210503_083922,LSGS,train
LSGS_SION_Ground_Control_121_7MHz_20210504_062720_0001,LSGS_SION_Ground_Control_121_7MHz_20210504_062720,LSGS,train
LSGS_SION_Tower_118_3MHz_20210422_093222_0000,LSGS_SION_Tower_118_3MHz_20210422_093222,LSGS,train
LZIB_STEFANIK_Tower_118_3MHz_20210425_120446_0000,LZIB_STEFANIK_Tower_118_3MHz_20210425_120446,LZIB,train
LKPR_RUZYNE_Radar_120_520MHz_20201026_105855_0000,LKPR_RUZYNE_Radar_120_520MHz_20201026_105855,LKPR,train
LSZB_BERN_Tower_121_0MHz_20210414_132458_0000,LSZB_BERN_Tower_121_0MHz_20210414_132458,LSZB,train
LSGS_SION_Ground_Control_121_7MHz_20210504_125034_0002,LSGS_SION_Ground_Control_121_7MHz_20210504_125034,LSGS,train
LSZH_ZURICH_Tower_118_1MHz_20210412_194406_0000,LSZH_ZURICH_Tower_118_1MHz_20210412_194406,LSZH,train
LKPR_RUZYNE_Radar_120_520MHz_20201025_091112_0000,LKPR_RUZYNE_Radar_120_520MHz_20201025_091112,LKPR,train
LSZB_BERN_Tower_121_0MHz_20210423_091530_0000,LSZB_BERN_Tower_121_0MHz_20210423_091530,LSZB,train
LSZB_BERN_Tower_121_0MHz_20210424_082145_0000,LSZB_BERN_Tower_121_0MHz_20210424_082145,LSZB,train
LSGS_SION_Ground_Control_121_7MHz_20210501_073256_0002,LSGS_SION_Ground_Control_121_7MHz_20210501_073256,LSGS,train
LSGS_SION_Tower_118_3MHz_20210503_130423_0001,LSGS_SION_Tower_118_3MHz_20210503_130423,LSGS,train
LZIB_STEFANIK_Tower_118_3MHz_20210429_203102_0000,LZIB_STEFANIK_Tower_118_3MHz_20210429_203102,LZIB,train
YSSY_SYDNEY_Tower_120_5MHz_20210504_004629_0000,YSSY_SYDNEY_Tower_120_5MHz_20210504_004629,YSSY,train
YSSY_SYDNEY_Tower_120_5MHz_20210502_235050_0001,YSSY_SYDNEY_Tower_120_5MHz_20210502_235050,YSSY,train
LZIB_STEFANIK_Tower_118_3MHz_20210426_132814_0000,LZIB_STEFANIK_Tower_118_3MHz_20210426_132814,LZIB,train
YSSY_SYDNEY_Tower_120_5MHz_20210505_234913_0000,YSSY_SYDNEY_Tower_120_5MHz_20210505_234913,YSSY,train
LSGS_SION_Ground_Control_121_7MHz_20210503_162417_0000,LSGS_SION_Ground_Control_121_7MHz_20210503_162417,LSGS,train
LSZH_ZURICH_Tower_118_1MHz_20210414_083710_0001,LSZH_ZURICH_Tower_118_1MHz_20210414_083710,LSZH,train
LKTB_BRNO_Approach-Radar_127_350MHz_20201026_093600_0000,LKTB_BRNO_Approach-Radar_127_350MHz_20201026_093600,LKTB,train
LSZB_BERN_Tower_121_0MHz_20210419_090344_0000,LSZB_BERN_Tower_121_0MHz_20210419_090344,LSZB,train
LSGS_SION_Ground_Control_121_7MHz_20210502_062238_0000,LSGS_SION_Ground_Control_121_7MHz_20210502_062238,LSGS,train
LSZB_BERN_Tower_121_0MHz_20210415_140747_0000,LSZB_BERN_Tower_121_0MHz_20210415_140747,LSZB,train
LKPR_RUZYNE_Radar_120_520MHz_20201025_121325_0000,LKPR_RUZYNE_Radar_120_520MHz_20201025_121325,LKPR,validation
LSGS_SION_Ground_Control_121_7MHz_20210501_073043_0000,LSGS_SION_Ground_Control_121_7MHz_20210501_073043,LSGS,validation
LSZB_BERN_Approach_127_3MHz_20210421_165346_0000,LSZB_BERN_Approach_127_3MHz_20210421_165346,LSZB,validation
YSSY_SYDNEY_Tower_120_5MHz_20210502_041102_0000,YSSY_SYDNEY_Tower_120_5MHz_20210502_041102,YSSY,validation
YSSY_SYDNEY_Tower_120_5MHz_20210429_013422_0001,YSSY_SYDNEY_Tower_120_5MHz_20210429_013422,YSSY,validation
YSSY_SYDNEY_Tower_120_5MHz_20210502_062227_0000,YSSY_SYDNEY_Tower_120_5MHz_20210502_062227,YSSY,validation
LZIB_STEFANIK_Approach_120_9MHz_20210426_203133_0001,LZIB_STEFANIK_Approach_120_9MHz_20210426_203133,LZIB,validation
LZIB_STEFANIK_Tower_118_3MHz_20210429_075711_0003,LZIB_STEFANIK_Tower_118_3MHz_20210429_075711,LZIB,validation
LKPR_RUZYNE_Radar_120_520MHz_20201025_161808_0002,LKPR_RUZYNE_Radar_120_520MHz_20201025_161808,LKPR,validation
LSZB_BERN_Tower_121_0MHz_20210425_112657_0000,LSZB_BERN_Tower_121_0MHz_20210425_112657,LSZB,validation
LSGS_SION_Ground_Control_121_7MHz_20210503_142013_0002,LSGS_SION_Ground_Control_121_7MHz_20210503_142013,LSGS,validation
LSZB_BERN_Tower_121_0MHz_20210423_081639_0000,LSZB_BERN_Tower_121_0MHz_20210423_081639,LSZB,validation
LSZB_BERN_Tower_121_0MHz_20210413_141529_0001,LSZB_BERN_Tower_121_0MHz_20210413_141529,LSZB,validation
LZIB_STEFANIK_Tower_118_3MHz_20210429_075711_0001,LZIB_STEFANIK_Tower_118_3MHz_20210429_075711,LZIB,validation
LSGS_SION_Tower_118_3MHz_20210504_061821_0000,LSGS_SION_Tower_118_3MHz_20210504_061821,LSGS,validation
LSGS_SION_Tower_118_3MHz_20210505_132607_0001,LSGS_SION_Tower_118_3MHz_20210505_132607,LSGS,validation
LKPR_RUZYNE_Radar_120_520MHz_20201029_094626_0001,LKPR_RUZYNE_Radar_120_520MHz_20201029_094626,LKPR,validation
LSZH_ZURICH_Tower_118_1MHz_20210412_163642_0001,LSZH_ZURICH_Tower_118_1MHz_20210412_163642,LSZH,validation
YSSY_SYDNEY_Tower_120_5MHz_20210503_080253_0000,YSSY_SYDNEY_Tower_120_5MHz_20210503_080253,YSSY,validation
LSZH_ZURICH_Tower_118_1MHz_20210414_084612_0001,LSZH_ZURICH_Tower_118_1MHz_20210414_084612,LSZH,validation
LSGS_SION_Ground_Control_121_7MHz_20210501_060848_0000,LSGS_SION_Ground_Control_121_7MHz_20210501_060848,LSGS,validation
LKPR_RUZYNE_Radar_120_520MHz_20201028_092412_0000,LKPR_RUZYNE_Radar_120_520MHz_20201028_092412,LKPR,validation
LSZB_BERN_Tower_121_0MHz_20210419_092415_0000,LSZB_BERN_Tower_121_0MHz_20210419_092415,LSZB,validation
YSSY_SYDNEY_Tower_120_5MHz_20210502_040816_0000,YSSY_SYDNEY_Tower_120_5MHz_20210502_040816,YSSY,validation
LSZB_BERN_Approach_127_3MHz_20210418_083338_0000,LSZB_BERN_Approach_127_3MHz_20210418_083338,LSZB,validation
LSZH_ZURICH_Tower_118_1MHz_20210412_150237_0000,LSZH_ZURICH_Tower_118_1MHz_20210412_150237,LSZH,validation
LSGS_SION_Ground_Control_121_7MHz_20210503_150135_0000,LSGS_SION_Ground_Control_121_7MHz_20210503_150135,LSGS,validation
LSZB_BERN_Tower_121_0MHz_20210424_075638_0001,LSZB_BERN_Tower_121_0MHz_20210424_075638,LSZB,validation
LSGS_SION_Ground_Control_121_7MHz_20210503_141714_0000,LSGS_SION_Ground_Control_121_7MHz_20210503_141714,LSGS,validation
LSGS_SION_Ground_Control_121_7MHz_20210503_150135_0002,LSGS_SION_Ground_Control_121_7MHz_20210503_150135,LSGS,validation
LSZB_BERN_Tower_121_0MHz_20210415_134749_0001,LSZB_BERN_Tower_121_0MHz_20210415_134749,LSZB,validation
LSGS_SION_Ground_Control_121_7MHz_20210502_134810_0002,LSGS_SION_Ground_Control_121_7MHz_20210502_134810,LSGS,validation
LSGS_SION_Ground_Control_121_7MHz_20210504_100959_0001,LSGS_SION_Ground_Control_121_7MHz_20210504_100959,LSGS,validation
LZIB_STEFANIK_Tower_118_3MHz_20210430_151209_0001,LZIB_STEFANIK_Tower_118_3MHz_20210430_151209,LZIB,validation
LSGS_SION_Ground_Control_121_7MHz_20210502_134810_0001,LSGS_SION_Ground_Control_121_7MHz_20210502_134810,LSGS,validation
LKPR_RUZYNE_Radar_120_520MHz_20201029_161709_0000,LKPR_RUZYNE_Radar_120_520MHz_20201029_161709,LKPR,validation
LSGS_SION_Ground_Control_121_7MHz_20210504_101442_0000,LSGS_SION_Ground_Control_121_7MHz_20210504_101442,LSGS,validation
LKPR_RUZYNE_Radar_120_520MHz_20201028_151125_0001,LKPR_RUZYNE_Radar_120_520MHz_20201028_151125,LKPR,validation
LZIB_STEFANIK_Approach_120_9MHz_20210428_092625_0000,LZIB_STEFANIK_Approach_120_9MHz_20210428_092625,LZIB,validation
LZIB_STEFANIK_Tower_118_3MHz_20210424_151420_0000,LZIB_STEFANIK_Tower_118_3MHz_20210424_151420,LZIB,validation
LSGS_SION_Ground_Control_121_7MHz_20210503_151517_0000,LSGS_SION_Ground_Control_121_7MHz_20210503_151517,LSGS,validation
LZIB_STEFANIK_Tower_118_3MHz_20210502_141218_0001,LZIB_STEFANIK_Tower_118_3MHz_20210502_141218,LZIB,validation
LSZB_BERN_Tower_121_0MHz_20210423_130638_0000,LSZB_BERN_Tower_121_0MHz_20210423_130638,LSZB,validation
LKPR_RUZYNE_Tower_134_560MHz_20201025_101021_0000,LKPR_RUZYNE_Tower_134_560MHz_20201025_101021,LKPR,validation
LZIB_STEFANIK_Approach_120_9MHz_20210426_203133_0002,LZIB_STEFANIK_Approach_120_9MHz_20210426_203133,LZIB,validation
YSSY_SYDNEY_Tower_120_5MHz_20210503_223154_0001,YSSY_SYDNEY_Tower_120_5MHz_20210503_223154,YSSY,validation
LSZH_ZURICH_Tower_118_1MHz_20210418_131615_0001,LSZH_ZURICH_Tower_118_1MHz_20210418_131615,LSZH,validation
LSGS_SION_Tower_118_3MHz_20210415_130657_0001,LSGS_SION_Tower_118_3MHz_20210415_130657,LSGS,validation
LSGS_SION_Tower_118_3MHz_20210503_130038_0001,LSGS_SION_Tower_118_3MHz_20210503_130038,LSGS,validation
LSZB_BERN_Tower_121_0MHz_20210413_124002_0001,LSZB_BERN_Tower_121_0MHz_20210413_124002,LSZB,validation
LKPR_RUZYNE_Tower_134_560MHz_20201028_152306_0002,LKPR_RUZYNE_Tower_134_560MHz_20201028_152306,LKPR,validation
YSSY_SYDNEY_Tower_120_5MHz_20210504_065016_0001,YSSY_SYDNEY_Tower_120_5MHz_20210504_065016,YSSY,validation
LKPR_RUZYNE_Tower_134_560MHz_20201025_204809_0000,LKPR_RUZYNE_Tower_134_560MHz_20201025_204809,LKPR,validation
LSGS_SION_Ground_Control_121_7MHz_20210503_155852_0001,LSGS_SION_Ground_Control_121_7MHz_20210503_155852,LSGS,validation
YSSY_SYDNEY_Tower_120_5MHz_20210430_224017_0000,YSSY_SYDNEY_Tower_120_5MHz_20210430_224017,YSSY,validation
LKPR_RUZYNE_Radar_120_520MHz_20201028_072404_0000,LKPR_RUZYNE_Radar_120_520MHz_20201028_072404,LKPR,validation
LKPR_RUZYNE_Tower_134_560MHz_20201025_090915_0000,LKPR_RUZYNE_Tower_134_560MHz_20201025_090915,LKPR,validation
LZIB_STEFANIK_Tower_118_3MHz_20210427_163922_0001,LZIB_STEFANIK_Tower_118_3MHz_20210427_163922,LZIB,validation
LSZH_ZURICH_Tower_118_1MHz_20210414_080622_0000,LSZH_ZURICH_Tower_118_1MHz_20210414_080622,LSZH,validation
LSZH_ZURICH_Tower_118_1MHz_20210414_084612_0002,LSZH_ZURICH_Tower_118_1MHz_20210414_084612,LSZH,validation
LSGS_SION_Ground_Control_121_7MHz_20210503_161046_0002,LSGS_SION_Ground_Control_121_7MHz_20210503_161046,LSGS,validation
LSZB_BERN_Tower_121_0MHz_20210425_084853_0001,LSZB_BERN_Tower_121_0MHz_20210425_084853,LSZB,validation
LKPR_RUZYNE_Tower_134_560MHz_20201025_144043_0004,LKPR_RUZYNE_Tower_134_560MHz_20201025_144043,LKPR,validation
LZIB_STEFANIK_Tower_118_3MHz_20210502_141218_0002,LZIB_STEFANIK_Tower_118_3MHz_20210502_141218,LZIB,validation
LKPR_RUZYNE_Radar_120_520MHz_20201027_125731_0002,LKPR_RUZYNE_Radar_120_520MHz_20201027_125731,LKPR,validation
LSGS_SION_Ground_Control_121_7MHz_20210503_150135_0001,LSGS_SION_Ground_Control_121_7MHz_20210503_150135,LSGS,validation
LSZH_ZURICH_Tower_118_1MHz_20210413_053020_0001,LSZH_ZURICH_Tower_118_1MHz_20210413_053020,LSZH,validation
LSGS_SION_Ground_Control_121_7MHz_20210505_140831_0001,LSGS_SION_Ground_Control_121_7MHz_20210505_140831,LSGS,validation
LKPR_RUZYNE_Tower_134_560MHz_20201028_111034_0000,LKPR_RUZYNE_Tower_134_560MHz_20201028_111034,LKPR,validation
LSGS_SION_Ground_Control_121_7MHz_20210505_110845_0002,LSGS_SION_Ground_Control_121_7MHz_20210505_110845,LSGS,validation
YSSY_SYDNEY_Tower_120_5MHz_20210428_013626_0000,YSSY_SYDNEY_Tower_120_5MHz_20210428_013626,YSSY,validation
LSGS_SION_Ground_Control_121_7MHz_20210502_145713_0002,LSGS_SION_Ground_Control_121_7MHz_20210502_145713,LSGS,validation
LSGS_SION_Ground_Control_121_7MHz_20210505_132136_0000,LSGS_SION_Ground_Control_121_7MHz_20210505_132136,LSGS,validation
YSSY_SYDNEY_Tower_120_5MHz_20210504_213748_0000,YSSY_SYDNEY_Tower_120_5MHz_20210504_213748,YSSY,validation
LZIB_STEFANIK_Tower_118_3MHz_20210427_143012_0000,LZIB_STEFANIK_Tower_118_3MHz_20210427_143012,LZIB,validation
LSGS_SION_Ground_Control_121_7MHz_20210501_073256_0000,LSGS_SION_Ground_Control_121_7MHz_20210501_073256,LSGS,validation
YSSY_SYDNEY_Tower_120_5MHz_20210427_063034_0001,YSSY_SYDNEY_Tower_120_5MHz_20210427_063034,YSSY,validation
LKPR_RUZYNE_Radar_120_520MHz_20201025_130407_0001,LKPR_RUZYNE_Radar_120_520MHz_20201025_130407,LKPR,validation
YSSY_SYDNEY_Tower_120_5MHz_20210502_211912_0001,YSSY_SYDNEY_Tower_120_5MHz_20210502_211912,YSSY,validation
LSGS_SION_Ground_Control_121_7MHz_20210503_151837_0001,LSGS_SION_Ground_Control_121_7MHz_20210503_151837,LSGS,validation
LSZH_ZURICH_Tower_118_1MHz_20210412_155616_0002,LSZH_ZURICH_Tower_118_1MHz_20210412_155616,LSZH,validation
LSZB_BERN_Approach_127_3MHz_20210416_090122_0001,LSZB_BERN_Approach_127_3MHz_20210416_090122,LSZB,validation
LZIB_STEFANIK_Tower_118_3MHz_20210427_162200_0000,LZIB_STEFANIK_Tower_118_3MHz_20210427_162200,LZIB,validation
LSZH_ZURICH_Tower_118_1MHz_20210414_133203_0000,LSZH_ZURICH_Tower_118_1MHz_20210414_133203,LSZH,validation
LSGS_SION_Ground_Control_121_7MHz_20210502_071809_0000,LSGS_SION_Ground_Control_121_7MHz_20210502_071809,LSGS,validation
LKPR_RUZYNE_Radar_120_520MHz_20201026_144339_0000,LKPR_RUZYNE_Radar_120_520MHz_20201026_144339,LKPR,validation
LKPR_RUZYNE_Radar_120_520MHz_20201026_145941_0000,LKPR_RUZYNE_Radar_120_520MHz_20201026_145941,LKPR,validation
LKPR_RUZYNE_Radar_120_520MHz_20201026_145941_0002,LKPR_RUZYNE_Radar_120_520MHz_20201026_145941,LKPR,validation
LSZB_BERN_Approach_127_3MHz_20210416_090122_0004,LSZB_BERN_Approach_127_3MHz_20210416_090122,LSZB,validation
LSZH_ZURICH_Tower_118_1MHz_20210412_160024_0000,LSZH_ZURICH_Tower_118_1MHz_20210412_160024,LSZH,validation
LSZB_BERN_Tower_121_0MHz_20210424_151756_0000,LSZB_BERN_Tower_121_0MHz_20210424_151756,LSZB,validation
LZIB_STEFANIK_Tower_118_3MHz_20210503_204845_0001,LZIB_STEFANIK_Tower_118_3MHz_20210503_204845,LZIB,validation
LSZH_ZURICH_Tower_118_1MHz_20210424_080552_0001,LSZH_ZURICH_Tower_118_1MHz_20210424_080552,LSZH,validation
LKPR_RUZYNE_Tower_134_560MHz_20201029_205008_0000,LKPR_RUZYNE_Tower_134_560MHz_20201029_205008,LKPR,validation
LZIB_STEFANIK_Tower_118_3MHz_20210503_202731_0001,LZIB_STEFANIK_Tower_118_3MHz_20210503_202731,LZIB,validation
LSGS_SION_Ground_Control_121_7MHz_20210502_164218_0000,LSGS_SION_Ground_Control_121_7MHz_20210502_164218,LSGS,validation
LSGS_SION_Ground_Control_121_7MHz_20210503_140302_0000,LSGS_SION_Ground_Control_121_7MHz_20210503_140302,LSGS,validation
LSGS_SION_Ground_Control_121_7MHz_20210503_151822_0001,LSGS_SION_Ground_Control_121_7MHz_20210503_151822,LSGS,validation
LKPR_RUZYNE_Radar_120_520MHz_20201026_142311_0000,LKPR_RUZYNE_Radar_120_520MHz_20201026_142311,LKPR,validation
LKTB_BRNO_Approach-Radar_127_350MHz_20201028_090451_0001,LKTB_BRNO_Approach-Radar_127_350MHz_20201028_090451,LKTB,validation
LSZH_ZURICH_Tower_118_1MHz_20210414_095149_0001,LSZH_ZURICH_Tower_118_1MHz_20210414_095149,LSZH,validation
LZIB_STEFANIK_Tower_118_3MHz_20210430_203034_0000,LZIB_STEFANIK_Tower_118_3MHz_20210430_203034,LZIB,test
YSSY_SYDNEY_Tower_120_5MHz_20210501_014446_0001,YSSY_SYDNEY_Tower_120_5MHz_20210501_014446,YSSY,test
YSSY_SYDNEY_Tower_120_5MHz_20210505_233332_0000,YSSY_SYDNEY_Tower_120_5MHz_20210505_233332,YSSY,test
YSSY_SYDNEY_Tower_120_5MHz_20210503_075331_0000,YSSY_SYDNEY_Tower_120_5MHz_20210503_075331,YSSY,test
LSZH_ZURICH_Tower_118_1MHz_20210414_101150_0000,LSZH_ZURICH_Tower_118_1MHz_20210414_101150,LSZH,test
LKTB_BRNO_Approach-Radar_127_350MHz_20201028_135638_0000,LKTB_BRNO_Approach-Radar_127_350MHz_20201028_135638,LKTB,test
YSSY_SYDNEY_Tower_120_5MHz_20210503_075331_0001,YSSY_SYDNEY_Tower_120_5MHz_20210503_075331,YSSY,test
LZIB_STEFANIK_Approach_120_9MHz_20210426_202558_0000,LZIB_STEFANIK_Approach_120_9MHz_20210426_202558,LZIB,test
LKTB_BRNO_Approach-Radar_127_350MHz_20201027_140348_0000,LKTB_BRNO_Approach-Radar_127_350MHz_20201027_140348,LKTB,test
LKPR_RUZYNE_Tower_134_560MHz_20201027_135214_0000,LKPR_RUZYNE_Tower_134_560MHz_20201027_135214,LKPR,test
LSZB_BERN_Tower_121_0MHz_20210415_123557_0000,LSZB_BERN_Tower_121_0MHz_20210415_123557,LSZB,test
LSGS_SION_Ground_Control_121_7MHz_20210420_151758_0000,LSGS_SION_Ground_Control_121_7MHz_20210420_151758,LSGS,test
LZIB_STEFANIK_Tower_118_3MHz_20210505_121412_0000,LZIB_STEFANIK_Tower_118_3MHz_20210505_121412,LZIB,test
LSZB_BERN_Approach_127_3MHz_20210414_160746_0000,LSZB_BERN_Approach_127_3MHz_20210414_160746,LSZB,test
LSZH_ZURICH_Tower_118_1MHz_20210412_144335_0000,LSZH_ZURICH_Tower_118_1MHz_20210412_144335,LSZH,test
YSSY_SYDNEY_Tower_120_5MHz_20210504_011805_0000,YSSY_SYDNEY_Tower_120_5MHz_20210504_011805,YSSY,test
YSSY_SYDNEY_Tower_120_5MHz_20210505_124859_0000,YSSY_SYDNEY_Tower_120_5MHz_20210505_124859,YSSY,test
LSGS_SION_Ground_Control_121_7MHz_20210422_061925_0000,LSGS_SION_Ground_Control_121_7MHz_20210422_061925,LSGS,test
LSZB_BERN_Tower_121_0MHz_20210413_132431_0000,LSZB_BERN_Tower_121_0MHz_20210413_132431,LSZB,test
LSZH_ZURICH_Tower_118_1MHz_20210414_112539_0000,LSZH_ZURICH_Tower_118_1MHz_20210414_112539,LSZH,test
LSZB_BERN_Approach_127_3MHz_20210414_122417_0000,LSZB_BERN_Approach_127_3MHz_20210414_122417,LSZB,test
LSZH_ZURICH_Tower_118_1MHz_20210414_144013_0000,LSZH_ZURICH_Tower_118_1MHz_20210414_144013,LSZH,test
LSZH_ZURICH_ApronS_121_75MHz_20210414_100142_0000,LSZH_ZURICH_ApronS_121_75MHz_20210414_100142,LSZH,test
LSGS_SION_Ground_Control_121_7MHz_20210503_150149_0001,LSGS_SION_Ground_Control_121_7MHz_20210503_150149,LSGS,test
LSZB_BERN_Approach_127_3MHz_20210414_161919_0000,LSZB_BERN_Approach_127_3MHz_20210414_161919,LSZB,test
YSSY_SYDNEY_Tower_120_5MHz_20210504_093243_0000,YSSY_SYDNEY_Tower_120_5MHz_20210504_093243,YSSY,test
LSGS_SION_Ground_Control_121_7MHz_20210503_062127_0000,LSGS_SION_Ground_Control_121_7MHz_20210503_062127,LSGS,test
LSGS_SION_Ground_Control_121_7MHz_20210504_130255_0000,LSGS_SION_Ground_Control_121_7MHz_20210504_130255,LSGS,test
LSGS_SION_Ground_Control_121_7MHz_20210502_163416_0001,LSGS_SION_Ground_Control_121_7MHz_20210502_163416,LSGS,test
LSZH_ZURICH_ApronN_121_85MHz_20210414_064241_0000,LSZH_ZURICH_ApronN_121_85MHz_20210414_064241,LSZH,test
LSZH_ZURICH_Tower_118_1MHz_20210414_101140_0000,LSZH_ZURICH_Tower_118_1MHz_20210414_101140,LSZH,test
LSGS_SION_Tower_118_3MHz_20210503_163156_0000,LSGS_SION_Tower_118_3MHz_20210503_163156,LSGS,test
LSZB_BERN_Tower_121_0MHz_20210413_133125_0000,LSZB_BERN_Tower_121_0MHz_20210413_133125,LSZB,test
LSGS_SION_Ground_Control_121_7MHz_20210502_052351_0000,LSGS_SION_Ground_Control_121_7MHz_20210502_052351,LSGS,test
YSSY_SYDNEY_Tower_120_5MHz_20210505_203701_0000,YSSY_SYDNEY_Tower_120_5MHz_20210505_203701,YSSY,test
LSGS_SION_Ground_Control_121_7MHz_20210502_061429_0000,LSGS_SION_Ground_Control_121_7MHz_20210502_061429,LSGS,test
YSSY_SYDNEY_Tower_120_5MHz_20210501_014446_0000,YSSY_SYDNEY_Tower_120_5MHz_20210501_014446,YSSY,test
LSZH_ZURICH_Tower_118_1MHz_20210413_151347_0000,LSZH_ZURICH_Tower_118_1MHz_20210413_151347,LSZH,test
LSZH_ZURICH_Tower_118_1MHz_20210414_123120_0000,LSZH_ZURICH_Tower_118_1MHz_20210414_123120,LSZH,test
LSGS_SION_Ground_Control_121_7MHz_20210503_150149_0000,LSGS_SION_Ground_Control_121_7MHz_20210503_150149,LSGS,test
LSGS_SION_Ground_Control_121_7MHz_20210502_134316_0000,LSGS_SION_Ground_Control_121_7MHz_20210502_134316,LSGS,test
LSGS_SION_Ground_Control_121_7MHz_20210502_051736_0000,LSGS_SION_Ground_Control_121_7MHz_20210502_051736,LSGS,test
LSGS_SION_Tower_118_3MHz_20210423_093650_0000,LSGS_SION_Tower_118_3MHz_20210423_093650,LSGS,test
LSZH_ZURICH_Tower_118_1MHz_20210414_085932_0000,LSZH_ZURICH_Tower_118_1MHz_20210414_085932,LSZH,test
YSSY_SYDNEY_Tower_120_5MHz_20210503_073426_0000,YSSY_SYDNEY_Tower_120_5MHz_20210503_073426,YSSY,test
YSSY_SYDNEY_Tower_120_5MHz_20210502_211431_0001,YSSY_SYDNEY_Tower_120_5MHz_20210502_211431,YSSY,test
LSGS_SION_Ground_Control_121_7MHz_20210503_051653_0000,LSGS_SION_Ground_Control_121_7MHz_20210503_051653,LSGS,test
LSZH_ZURICH_Tower_118_1MHz_20210414_162532_0000,LSZH_ZURICH_Tower_118_1MHz_20210414_162532,LSZH,test
LSGS_SION_Ground_Control_121_7MHz_20210502_065812_0000,LSGS_SION_Ground_Control_121_7MHz_20210502_065812,LSGS,test
LSZH_ZURICH_ApronS_121_75MHz_20210414_163659_0000,LSZH_ZURICH_ApronS_121_75MHz_20210414_163659,LSZH,test
LSGS_SION_Tower_118_3MHz_20210421_082534_0000,LSGS_SION_Tower_118_3MHz_20210421_082534,LSGS,test
LSGS_SION_Tower_118_3MHz_20210503_162039_0000,LSGS_SION_Tower_118_3MHz_20210503_162039,LSGS,test
LKTB_BRNO_Tower_119_605MHz_20201028_140518_0000,LKTB_BRNO_Tower_119_605MHz_20201028_140518,LKTB,test
LSZB_BERN_Tower_121_0MHz_20210424_074539_0000,LSZB_BERN_Tower_121_0MHz_20210424_074539,LSZB,test
LSZB_BERN_Tower_121_0MHz_20210413_132431_0001,LSZB_BERN_Tower_121_0MHz_20210413_132431,LSZB,test
LSGS_SION_Tower_118_3MHz_20210415_133129_0000,LSGS_SION_Tower_118_3MHz_20210415_133129,LSGS,test
LSGS_SION_Tower_118_3MHz_20210503_163156_0001,LSGS_SION_Tower_118_3MHz_20210503_163156,LSGS,test
LKPR_RUZYNE_Tower_134_560MHz_20201027_135224_0000,LKPR_RUZYNE_Tower_134_560MHz_20201027_135224,LKPR,test
YSSY_SYDNEY_Tower_120_5MHz_20210505_113531_0000,YSSY_SYDNEY_Tower_120_5MHz_20210505_113531,YSSY,test
LSGS_SION_Ground_Control_121_7MHz_20210501_065354_0000,LSGS_SION_Ground_Control_121_7MHz_20210501_065354,LSGS,test
YSSY_SYDNEY_Tower_120_5MHz_20210503_084834_0000,YSSY_SYDNEY_Tower_120_5MHz_20210503_084834,YSSY,test
YSSY_SYDNEY_Tower_120_5MHz_20210502_211431_0000,YSSY_SYDNEY_Tower_120_5MHz_20210502_211431,YSSY,test
LSZB_BERN_Tower_121_0MHz_20210413_112156_0000,LSZB_BERN_Tower_121_0MHz_20210413_112156,LSZB,test
LSGS_SION_Ground_Control_121_7MHz_20210502_164016_0000,LSGS_SION_Ground_Control_121_7MHz_20210502_164016,LSGS,test
YSSY_SYDNEY_Tower_120_5MHz_20210505_041424_0000,YSSY_SYDNEY_Tower_120_5MHz_20210505_041424,YSSY,test
LZIB_STEFANIK_Tower_118_3MHz_20210430_150028_0000,LZIB_STEFANIK_Tower_118_3MHz_20210430_150028,LZIB,test
LSZH_ZURICH_ApronS_121_75MHz_20210414_054811_0000,LSZH_ZURICH_ApronS_121_75MHz_20210414_054811,LSZH,test
LSZH_ZURICH_Tower_118_1MHz_20210413_040538_0000,LSZH_ZURICH_Tower_118_1MHz_20210413_040538,LSZH,test
LSZB_BERN_Tower_121_0MHz_20210418_114748_0000,LSZB_BERN_Tower_121_0MHz_20210418_114748,LSZB,test
LSGS_SION_Ground_Control_121_7MHz_20210503_080828_0000,LSGS_SION_Ground_Control_121_7MHz_20210503_080828,LSGS,test
LSGS_SION_Ground_Control_121_7MHz_20210502_163416_0000,LSGS_SION_Ground_Control_121_7MHz_20210502_163416,LSGS,test
LKPR_RUZYNE_Tower_134_560MHz_20201027_135224_0001,LKPR_RUZYNE_Tower_134_560MHz_20201027_135224,LKPR,test
LSGS_SION_Ground_Control_121_7MHz_20210421_083320_0000,LSGS_SION_Ground_Control_121_7MHz_20210421_083320,LSGS,test
LZIB_STEFANIK_Tower_118_3MHz_20210504_120242_0000,LZIB_STEFANIK_Tower_118_3MHz_20210504_120242,LZIB,test
